NumOfReceived,PRR,packetLoss,PLR,throughput,IPI,Density,COR
3217,0.5120165526,3066,0.4879834474,64302.3252676,16,27,20
2713,0.4555070517,3243,0.5444929483,54344.908485,16,27,20
2071,0.4599156118,2432,0.5400843882,52234.1644224,16,8,20
1000,0.4625346901,1162,0.5374653099,22178.9068172,16,8,20
974,0.5426183844,821,0.4573816156,19487.6118612,16,11,20
701,0.6527001862,373,0.3472998138,14039.1929807,16,11,20
689,0.647556391,375,0.352443609,13825.9033818,16,11,20
735,0.666969147,367,0.333030853,14746.0785462,16,11,20
746,0.7242718447,284,0.2757281553,14937.5037669,16,11,20
1167,0.6593220339,603,0.3406779661,23376.5234803,16,11,20
1215,0.6868287168,554,0.3131712832,24347.5507666,16,11,20
1288,0.7223780146,495,0.2776219854,25800.310405,16,14,20
1223,0.6775623269,582,0.3224376731,24517.4591172,16,14,20
1115,0.6367789834,636,0.3632210166,22308.7137836,16,14,20
1347,0.6399049881,758,0.3600950119,26966.3326238,16,14,20
1436,0.6789598109,679,0.3210401891,28748.0724928,16,14,20
1501,0.7056887635,626,0.2943112365,30031.7303939,16,17,20
1521,0.7110799439,618,0.2889200561,30425.9421865,16,17,20
1644,0.6578631453,855,0.3421368547,32886.4227184,16,17,20
1977,0.6956368754,865,0.3043631246,39617.3727289,16,17,20
2006,0.7177101968,789,0.2822898032,40127.8369666,16,17,20
1863,0.6573747354,971,0.3426252646,37274.5594429,16,20,20
1778,0.6338680927,1027,0.3661319073,35573.8951635,16,20,20
2112,0.567132116,1612,0.432867884,42248.2510834,16,20,20
2170,0.5719557196,1624,0.4280442804,43408.4776757,16,20,20
2186,0.5713538944,1640,0.4286461056,43728.5401839,16,20,20
2115,0.5592279217,1667,0.4407720783,42316.5288362,16,23,20
2118,0.5266036798,1904,0.4733963202,42393.1175034,16,23,20
1873,0.5489449004,1539,0.4510550996,38652.7863335,16,23,20
1453,0.5239812477,1320,0.4760187523,29077.0362355,16,23,20
2276,0.5278293135,2036,0.4721706865,45537.7870596,16,5,20
1549,0.5268707483,1391,0.4731292517,31064.9377528,16,5,20
284,0.802259887,70,0.197740113,5863.22338551,16,5,20
149,0.4447761194,186,0.5552238806,2990.51284887,16,5,20
271,0.7424657534,94,0.2575342466,5441.25353631,16,5,20
271,0.7994100295,68,0.2005899705,5436.9895048,16,5,20
2622,0.2121874241,9735,0.7878125759,52388.8422955,8,28,20
2299,0.1881342062,9921,0.8118657938,45988.9816481,8,28,20
2375,0.1951199474,9797,0.8048800526,47527.8465653,8,28,20
2317,0.1898402294,9888,0.8101597706,46358.1074768,8,28,20
1601,0.2356144224,5194,0.7643855776,32151.8644416,8,6,20
1072,0.7228590695,411,0.2771409305,21448.3777363,8,6,20
1023,0.7045454545,429,0.2954545455,20467.9947988,8,6,20
1065,0.7304526749,393,0.2695473251,21333.3311967,8,6,20
990,0.6804123711,465,0.3195876289,19811.6076209,8,6,20
1625,0.5578441469,1288,0.4421558531,32506.3484899,8,9,20
1842,0.5400175902,1569,0.4599824099,36854.3953268,8,9,20
1972,0.5745920746,1460,0.4254079254,39447.7041366,8,9,20
2072,0.5926773455,1424,0.4073226545,41472.3982375,8,12,20
1983,0.5761185357,1459,0.4238814643,39667.747111,8,15,20
643,0.5562283737,513,0.4437716263,53925.8297596,8,15,20
886,0.5283243888,791,0.4716756112,17730.3882345,8,15,20
614,0.5433628319,516,0.4566371681,15482.3176929,8,15,20
500,0.5330490405,438,0.4669509595,51457.1904477,8,18,20
1000,0.4816955684,1076,0.5183044316,28024.0547276,8,18,20
1000,0.462962963,1160,0.537037037,21445.0373878,8,18,20
1000,0.4393673111,1276,0.5606326889,22397.1890632,8,18,20
1171,0.415101028,1650,0.584898972,23424.5748195,8,18,20
829,0.3966507177,1261,0.6033492823,22210.8206081,8,21,20
1389,0.3919300226,2155,0.6080699774,27790.855108,8,21,20
1111,0.3976377953,1683,0.6023622047,23269.8787547,8,21,20
1500,0.3243243243,3125,0.6756756757,34255.1313045,8,24,20
903,0.3011003668,2096,0.6988996332,18063.527807,8,26,20
597,0.3234019502,1249,0.6765980498,15631.0076777,8,26,20
542,0.3050084412,1235,0.6949915588,10842.1174655,8,26,20
458,0.3096686951,1021,0.6903313049,52284.5076323,8,26,20
500,0.2826455625,1269,0.7173544375,51613.2228948,8,26,20
627,0.2949200376,1499,0.7050799624,12544.900038,8,26,20
565,0.2648851383,1568,0.7351148617,11302.2073211,8,26,20
1293,0.2475588742,3930,0.7524411258,25865.0514445,8,26,20
1783,0.2525138082,5278,0.7474861918,35694.8560269,8,26,20
1018,0.2700265252,2752,0.7299734748,20375.9176669,8,3,20
1214,0.2711031711,3264,0.7288968289,24852.7820683,8,3,20
1402,0.2984883968,3295,0.7015116032,28083.8782514,8,3,20
537,0.7617021277,168,0.2382978723,10767.3371924,8,3,20
605,0.8120805369,140,0.1879194631,12130.7988853,8,3,20
535,0.7239512855,204,0.2760487145,10714.6479953,8,3,20
542,0.7742857143,158,0.2257142857,10852.717214,8,3,20
1458,0.7767714438,419,0.2232285562,29160,64,28,20
1427,0.7586390218,454,0.2413609782,28590.2530879,64,28,20
1295,0.701897019,550,0.298102981,25945.6045892,64,28,20
1277,0.7094444444,523,0.2905555556,25610.0229247,64,28,20
644,0.6652892562,324,0.3347107438,13035.3144684,64,28,20
56,0.3435582822,107,0.6564417178,1134.85146061,64,6,20
77,0.4277777778,103,0.5722222222,1558.56768439,64,6,20
202,0.9619047619,8,0.0380952381,4090.32697406,64,6,20
202,0.966507177,7,0.033492823,4086.28700745,64,6,20
292,0.7070217918,121,0.2929782082,5859.45397314,64,9,20
275,0.6455399061,151,0.3544600939,5558.62234295,64,9,20
242,0.5475113122,200,0.4524886878,4890.62234281,64,9,20
166,0.4009661836,248,0.5990338164,3397.6363299,64,9,20
212,0.4829157175,227,0.5170842825,4251.62479251,64,9,20
323,0.5295081967,287,0.4704918033,6537.88781895,64,12,20
311,0.5253378378,281,0.4746621622,6221.21500329,64,12,20
477,0.7227272727,183,0.2772727273,9541.86352595,64,12,20
473,0.7413793103,165,0.2586206897,9461.84789889,64,12,20
468,0.6772793054,223,0.3227206946,9361.82836508,64,15,20
600,0.7398273736,211,0.2601726264,12021.1488071,64,15,20
701,0.8151162791,159,0.1848837209,14044.7088563,64,15,20
588,0.7144592953,235,0.2855407047,11762.2971766,64,15,20
464,0.645340751,255,0.354659249,9332.8735284,64,15,20
448,0.4765957447,492,0.5234042553,8961.75022982,64,18,20
536,0.5571725572,426,0.4428274428,10722.094025,64,18,20
672,0.6774193548,320,0.3225806452,13442.6253447,64,18,20
686,0.7,294,0.3,13722.6800394,64,18,20
658,0.6653185035,331,0.3346814965,13165.1423046,64,21,20
877,0.7061191626,365,0.2938808374,17560.5774847,64,21,20
690,0.5793450882,501,0.4206549118,13805.3923863,64,21,20
772,0.6312346688,451,0.3687653312,15449.0515993,64,21,20
771,0.6539440204,408,0.3460559796,15489.5776338,64,21,20
935,0.6839795172,432,0.3160204828,18707.3070741,64,24,20
984,0.6427171783,547,0.3572828217,19699.2363043,64,24,20
877,0.5986348123,588,0.4013651877,17546.8538011,64,24,20
814,0.5556313993,651,0.4443686007,16350.2504862,64,24,20
641,0.493456505,658,0.506543495,12847.6005002,64,24,20
762,0.5049701789,747,0.4950298211,15284.7767535,64,26,20
810,0.52906597,721,0.47093403,16212.6653342,64,26,20
835,0.5411535969,708,0.4588464031,16716.3234899,64,26,20
903,0.5755258126,666,0.4244741874,18070.5875572,64,26,20
247,0.5730858469,184,0.4269141531,5174.46971113,64,26,20
43,0.4725274725,48,0.5274725275,870.885370422,64,3,20
103,1,0,0,2086.07425938,64,3,20
105,1,0,0,2126.58055568,64,3,20
81,1,0,0,1620,256,4,0
80,1,0,0,1682.82671134,256,4,0
80,1,0,0,1682.82671134,256,4,0
80,1,0,0,1682.82671134,256,4,0
80,1,0,0,1682.82671134,256,4,0
80,1,0,0,1682.82671134,256,4,0
80,1,0,0,1682.82671134,256,4,0
80,1,0,0,1682.48111284,256,4,0
80,1,0,0,1682.48111284,256,4,0
80,1,0,0,1682.48111284,256,4,0
66,0.825,14,0.175,1387.76191641,256,4,0
77,0.9625,3,0.0375,1619.3880711,256,4,0
80,1,0,0,1682.82671134,256,4,0
80,1,0,0,1682.82671134,256,4,0
80,1,0,0,1682.82671134,256,4,0
160,1,0,0,3280.08020616,128,4,0
160,1,0,0,3280.08020616,128,4,0
160,1,0,0,3280.08020616,128,4,0
160,1,0,0,3280.08020616,128,4,0
160,1,0,0,3280.08020616,128,4,0
160,1,0,0,3280.08020616,128,4,0
160,1,0,0,3280.08020616,128,4,0
161,1,0,0,3220.62898884,128,4,0
160,1,0,0,3201.25040841,128,4,0
160,1,0,0,3201.25040841,128,4,0
160,1,0,0,3201.25040841,128,4,0
160,1,0,0,3201.25040841,128,4,0
160,1,0,0,3201.25040841,128,4,0
160,1,0,0,3201.25040841,128,4,0
159,1,0,0,3258.92196501,128,4,0
320,1,0,0,6475.88441356,64,4,0
320,1,0,0,6475.88441356,64,4,0
320,1,0,0,6475.88441356,64,4,0
320,1,0,0,6475.88441356,64,4,0
320,1,0,0,6474.60493023,64,4,0
321,1,0,0,6496.12155235,64,4,0
304,0.9470404984,17,0.0529595016,6148.44510576,64,4,0
263,0.821875,57,0.178125,5319.21402242,64,4,0
294,0.91875,26,0.08125,5947.36821876,64,4,0
315,0.984375,5,0.015625,6374.6987196,64,4,0
317,0.990625,3,0.009375,6415.17299718,64,4,0
319,0.996875,1,0.003125,6450.54835727,64,4,0
317,0.990625,3,0.009375,6411.37203463,64,4,0
317,0.990625,3,0.009375,6408.84056088,64,4,0
336,0.9882352941,4,0.0117647059,6796.99225001,64,4,0
589,0.9203125,51,0.0796875,11844.7719509,32,4,0
618,0.9641185647,23,0.0358814353,12427.9610623,32,4,0
623,0.9658914729,22,0.0341085271,12528.5109091,32,4,0
541,0.8400621118,103,0.1599378882,10875.2222033,32,4,0
427,0.8574297189,71,0.1425702811,8583.58573163,32,4,0
497,0.994,3,0.006,9996.61784449,32,4,0
488,0.9938900204,3,0.0061099796,9761.90650034,32,4,0
480,1,0,0,9605.62793741,32,4,0
472,0.9731958763,13,0.0268041237,9497.5007186,32,4,0
440,0.9072164948,45,0.0927835052,8853.6023648,32,4,0
456,0.9287169043,35,0.0712830957,9175.5515417,32,4,0
439,0.9070247934,45,0.0929752066,8833.48054124,32,4,0
450,0.9278350515,35,0.0721649485,9001.75804335,32,4,0
447,0.9141104294,42,0.0858895706,8996.22279397,32,4,0
459,0.9386503067,30,0.0613496933,9237.73213072,32,4,0
931,0.9519427403,47,0.0480572597,18667.3946483,16,4,0
932,0.9549180328,44,0.0450819672,18687.4455555,16,4,0
948,0.9585439838,41,0.0414560162,19008.2600715,16,4,0
929,0.9597107438,39,0.0402892562,18627.2928338,16,4,0
937,0.974012474,25,0.025987526,18787.7000918,16,4,0
960,1,0,0,19245.102823,16,4,0
960,1,0,0,19245.102823,16,4,0
960,1,0,0,19245.102823,16,4,0
960,1,0,0,19245.102823,16,4,0
960,1,0,0,19245.102823,16,4,0
960,1,0,0,19241.3361625,16,4,0
960,1,0,0,19245.102823,16,4,0
907,0.9447916667,53,0.0552083333,18175.4967451,16,4,0
842,0.8770833333,118,0.1229166667,16879.5589343,16,4,0
960,1,0,0,19245.102823,16,4,0
1755,1,0,0,35134.3086524,8,4,0
1920,1,0,0,38445.0499095,8,4,0
1920,1,0,0,38445.0499095,8,4,0
1920,1,0,0,38445.0499095,8,4,0
1920,1,0,0,38445.0499095,8,4,0
1747,1,0,0,38430.2042487,8,4,0
1636,1,0,0,32745.5808478,8,4,0
1864,1,0,0,38420.6633913,8,4,0
1854,0.9666319082,64,0.0333680918,37087.2431386,8,4,0
1745,0.9079084287,177,0.0920915713,34913.6372667,8,4,0
1872,0.9744924518,49,0.0255075482,37447.3134603,8,4,0
1918,0.9896800826,20,0.0103199174,38382.4882999,8,4,0
1918,0.9922400414,15,0.0077599586,38382.4882999,2,4,0
1932,0.9989658738,2,0.0010341262,38670.2091674,2,4,0
2261,0.6251036771,1356,0.3748963229,47192.5248376,2,4,0
2000,0.5232862376,1822,0.4767137624,45179.7447909,2,4,0
2616,0.5160781219,2453,0.4839218781,52330.220092,2,4,0
2538,0.5394261424,2167,0.4605738576,50779.8346034,2,4,0
2284,0.5474592522,1888,0.4525407478,45688.9230467,2,4,0
1562,0.5278810409,1397,0.4721189591,35340.0141496,2,4,0
2140,0.4830699774,2290,0.5169300226,42808.3604728,2,4,0
1860,0.4315545244,2450,0.5684454756,40889.6083897,2,4,0
2821,0.4936132983,2894,0.5063867017,56453.0758571,2,4,0
3787,0.5139096214,3582,0.4860903786,75769.595604,2,4,0
2892,0.5200503507,2669,0.4799496493,59923.2311302,2,4,0
3064,0.5108369456,2934,0.4891630544,61291.9703218,2,4,0
2702,0.5499694688,2211,0.4500305312,54050.5560736,2,4,0
1734,0.5575562701,1376,0.4424437299,40800,2,4,0
3000,0.544761213,2507,0.455238787,60353.6118116,256,7,0
1464,0.5703155434,1103,0.4296844566,29685.835051,256,7,0
165,1,0,0,-31.1991730903,256,7,0
100,1,0,0,2100.51312385,256,7,0
101,1,0,0,2020.39458306,256,7,0
100,1,0,0,2000.78150526,256,7,0
100,1,0,0,2000.78150526,256,7,0
100,1,0,0,2000.78150526,256,7,0
100,1,0,0,2000.78150526,256,7,0
100,1,0,0,2000.78150526,256,7,0
100,1,0,0,2000.78150526,256,7,0
100,1,0,0,2000.78150526,256,7,0
100,1,0,0,2000.78150526,256,7,0
100,1,0,0,2000.78150526,256,7,0
100,1,0,0,2000.78150526,256,7,0
109,1,0,0,2191.12610011,256,7,0
200,1,0,0,4095.99370855,128,7,0
200,1,0,0,4095.99370855,128,7,0
200,1,0,0,4095.99370855,128,7,0
200,1,0,0,4095.99370855,128,7,0
200,1,0,0,4095.99370855,128,7,0
200,1,0,0,4095.99370855,128,7,0
200,1,0,0,4095.99370855,128,7,0
200,1,0,0,4095.99370855,128,7,0
200,1,0,0,4095.99370855,128,7,0
200,1,0,0,4095.99370855,128,7,0
199,0.995,1,0.005,4075.51374001,128,7,0
174,0.8487804878,31,0.1512195122,3563.51452644,128,7,0
187,0.8820754717,25,0.1179245283,3829.7541175,128,7,0
196,0.9289099526,15,0.0710900474,4014.07383438,128,7,0
185,0.92039801,16,0.07960199,3718.8837479,128,7,0
417,0.9542334096,20,0.0457665904,8425.58030427,64,7,0
443,0.986636971,6,0.013363029,8950.9162465,64,7,0
386,0.960199005,16,0.039800995,7797.67970546,64,7,0
388,0.9580246914,17,0.0419753086,7761.51582404,64,7,0
387,0.9602977667,16,0.0397022333,7744.53752454,64,7,0
403,0.9975247525,1,0.0024752475,8063.14946618,64,7,0
401,0.9901234568,4,0.0098765432,8107.0953359,64,7,0
407,0.9926829268,3,0.0073170732,8146.36393951,64,7,0
400,1,0,0,8007.81963587,64,7,0
400,1,0,0,8007.81963587,64,7,0
400,1,0,0,8004.68994784,64,7,0
400,1,0,0,8004.68994784,64,7,0
400,1,0,0,8006.254486,64,7,0
400,1,0,0,8003.12602102,64,7,0
369,1,0,0,8072.1293982,64,7,0
801,1,0,0,16095.4425584,32,7,0
800,1,0,0,16072.1946913,32,7,0
798,0.9975,2,0.0025,16032.0142046,32,7,0
794,0.9925,6,0.0075,15951.6532311,32,7,0
794,0.9925,6,0.0075,15951.6532311,32,7,0
800,1,0,0,16072.1946913,32,7,0
800,1,0,0,16072.1946913,32,7,0
800,1,0,0,16072.1946913,32,7,0
800,1,0,0,16072.1946913,32,7,0
800,1,0,0,16072.1946913,32,7,0
800,1,0,0,16072.1946913,32,7,0
800,1,0,0,16072.1946913,32,7,0
800,1,0,0,16072.1946913,32,7,0
800,1,0,0,16072.1946913,32,7,0
800,1,0,0,16072.1946913,32,7,0
1459,1,0,0,29208.5221219,16,7,0
1600,1,0,0,32031.2785435,16,7,0
1601,1,0,0,32026.2547275,16,7,0
1600,1,0,0,32012.5040841,16,7,0
1600,1,0,0,32012.5040841,16,7,0
1600,1,0,0,32012.5040841,16,7,0
1600,1,0,0,32018.7597914,16,7,0
1600,1,0,0,32018.7597914,16,7,0
1600,1,0,0,32018.7597914,16,7,0
1600,1,0,0,32018.7597914,16,7,0
1600,1,0,0,32018.7597914,16,7,0
1600,1,0,0,32025.017944,16,7,0
1600,1,0,0,32025.017944,16,7,0
1600,1,0,0,32025.017944,16,7,0
1600,1,0,0,32025.017944,16,7,0
2559,0.9211663067,219,0.0788336933,51189.9974065,8,7,0
3147,0.9752091726,80,0.0247908274,62964.5939704,8,7,0
3207,0.9947270471,17,0.0052729529,64152.5289889,8,7,0
3200,1,0,0,64050.035888,8,7,0
2469,1,0,0,49418.6058149,8,7,0
1690,1,0,0,38732.3120532,8,7,0
2531,1,0,0,50629.8880171,8,7,0
2355,1,0,0,47118.4044488,8,7,0
2620,1,0,0,52420.4754377,8,7,0
2264,1,0,0,45297.693279,8,7,0
2472,0.9983844911,4,0.0016155089,49468.9838777,8,7,0
2758,0.9690794097,88,0.0309205903,59170.1948701,8,7,0
3140,0.9781931464,70,0.0218068536,62812.2672358,8,7,0
1697,0.8434393638,315,0.1565606362,33959.8971037,8,7,0
2572,0.7995026422,645,0.2004973578,51470.1563646,2,7,0
3355,0.3342965325,6681,0.6657034675,67113.1071898,2,7,0
3736,0.3097073696,8327,0.6902926304,74734.5956665,2,7,0
2765,0.3123235062,6088,0.6876764938,55321.6086203,2,7,0
3196,0.3081670041,7175,0.6918329959,63932.4860145,2,7,0
1918,0.295622688,4570,0.704377312,38367.4931714,2,7,0
2121,0.3027405081,4885,0.6972594919,45285.6970218,2,7,0
3090,0.2969440707,7316,0.7030559293,61812.0718976,2,7,0
2910,0.2934355148,7007,0.7065644852,60565.7969335,2,7,0
2993,0.2938635248,7192,0.7061364752,59871.6929416,2,7,0
2982,0.3078988126,6703,0.6921011874,59651.6499672,2,7,0
2525,0.3137035657,5524,0.6862964343,55342.417234,2,7,0
3310,0.3170194426,7131,0.6829805574,66225.867824,2,7,0
3669,0.3114072314,8113,0.6885927686,73394.3339134,2,7,0
2614,0.2909293267,6371,0.7090706733,52290.2122785,256,10,0
2407,0.2965016014,5711,0.7034983986,59679.6440346,256,10,0
194,0.60625,126,0.39375,4063.32716329,256,10,0
160,1,0,0,3355.31519149,256,10,0
160,1,0,0,3355.31519149,256,10,0
168,1,0,0,-31.5877136418,256,10,0
160,1,0,0,3355.31519149,256,10,0
160,1,0,0,3355.31519149,256,10,0
160,1,0,0,3355.31519149,256,10,0
160,1,0,0,3355.31519149,256,10,0
160,1,0,0,3355.31519149,256,10,0
160,1,0,0,3355.31519149,256,10,0
160,1,0,0,3355.31519149,256,10,0
160,1,0,0,3355.31519149,256,10,0
160,1,0,0,3356.00243058,256,10,0
158,0.9875,2,0.0125,3314.0524002,256,10,0
147,0.9671052632,5,0.0328947368,3083.3272331,256,10,0
264,0.9010238908,29,0.0989761092,5282.06317388,128,10,0
295,0.9076923077,30,0.0923076923,5901.15249508,128,10,0
303,0.9409937888,19,0.0590062112,6061.18374919,128,10,0
312,0.9719626168,9,0.0280373832,6241.21891005,128,10,0
318,0.9906542056,3,0.0093457944,6361.24235063,128,10,0
316,0.9875,4,0.0125,6321.23453711,128,10,0
314,0.98125,6,0.01875,6281.22672358,128,10,0
309,0.9537037037,15,0.0462962963,6181.20718976,128,10,0
293,0.9015384615,32,0.0984615385,5861.14468156,128,10,0
309,0.9596273292,13,0.0403726708,6181.20718976,128,10,0
314,0.98125,6,0.01875,6281.22672358,128,10,0
320,1,0,0,6401.25016416,128,10,0
320,1,0,0,6401.25016416,128,10,0
320,1,0,0,6401.25016416,128,10,0
320,1,0,0,6401.25016416,128,10,0
522,0.9542961609,25,0.0457038391,10442.0393303,64,10,0
608,0.9129129129,58,0.0870870871,12162.3753119,64,10,0
591,0.8981762918,67,0.1018237082,11822.3088969,64,10,0
592,0.8902255639,73,0.1097744361,11842.3128037,64,10,0
648,0.9310344828,48,0.0689655172,12962.5315824,64,10,0
614,0.9069423929,63,0.0930576071,12282.3987525,64,10,0
645,0.9569732938,29,0.0430267062,12902.5198621,64,10,0
640,1,0,0,12802.5003283,64,10,0
640,1,0,0,12802.5003283,64,10,0
640,1,0,0,12812.5114174,64,10,0
616,0.9580093313,27,0.0419906687,12322.406566,64,10,0
619,0.9656786271,22,0.0343213729,12387.2576943,64,10,0
641,1,0,0,12822.5042351,64,10,0
641,1,0,0,12822.5042351,64,10,0
640,1,0,0,12807.5039165,64,10,0
1012,1,0,0,20247.9088332,32,10,0
1280,1,0,0,25615.0078331,32,10,0
1280,1,0,0,25620.0143552,32,10,0
1280,1,0,0,25620.0143552,32,10,0
1280,1,0,0,25620.0143552,32,10,0
1280,1,0,0,25620.0143552,32,10,0
1280,1,0,0,25620.0143552,32,10,0
1280,1,0,0,25620.0143552,32,10,0
1280,1,0,0,25620.0143552,32,10,0
1275,0.99609375,5,0.00390625,25519.9361741,32,10,0
1234,0.9463190184,70,0.0536809816,24699.2950893,16,10,0
1269,0.9906323185,12,0.0093676815,25399.8423568,16,10,0
1119,1,0,0,25680.3160951,16,10,0
1000,1,0,0,20325.5378798,16,10,0
1161,0.9273162939,91,0.0726837061,23260.8856587,16,10,0
994,0.8120915033,230,0.1879084967,19891.6545204,16,10,0
802,0.8698481562,120,0.1301518438,16046.2676722,16,10,0
543,0.9836956522,9,0.0163043478,16849.4453957,16,10,0
914,0.9934782609,6,0.0065217391,18287.142958,16,10,0
586,0.9832214765,10,0.0167785235,19778.0204092,16,10,0
1000,0.9727626459,28,0.0272373541,21445.0373878,8,10,0
1000,0.936329588,68,0.063670412,22465.9780844,8,10,0
562,0.9740034662,15,0.0259965338,11246.6073818,8,10,0
938,0.9894514768,10,0.0105485232,20558.9221338,8,10,0
500,0.9940357853,3,0.0059642147,51251.1691673,8,10,0
707,0.9241830065,58,0.0758169935,14142.7620814,8,10,0
793,0.9635479951,30,0.0364520049,18451.0924478,8,10,0
1000,0.8718395815,147,0.1281604185,25858.5825153,8,10,0
1000,0.9165902841,91,0.0834097159,23825.061153,8,10,0
1000,0.8748906387,143,0.1251093613,31391.8223675,8,10,0
1361,0.910367893,134,0.089632107,27225.3171044,8,10,0
639,0.8098859316,150,0.1901140684,17848.7980552,8,10,0
1262,0.7685749086,380,0.2314250914,25254.7967854,2,10,0
360,0.8490566038,64,0.1509433962,7201.40643468,2,10,0
878,0.8582600196,145,0.1417399805,21114.9004101,2,10,0
1000,0.8748906387,143,0.1251093613,21351.1430334,2,10,0
500,0.9057971014,52,0.0942028986,81528.5627167,2,10,0
500,1,0,0,89666.5569746,2,10,0
500,0.2249212776,1723,0.7750787224,81269.7587101,2,10,0
2000,0.2237887434,6937,0.7762112566,47727.8500716,2,10,0
2000,0.2196836555,7104,0.7803163445,41290.3737274,2,10,0
2351,0.2484412977,7112,0.7515587023,47029.1847998,2,10,0
2267,0.2696883179,6139,0.7303116821,45357.7167242,2,10,0
2382,0.2759819256,6249,0.7240180744,50106.1653302,2,10,0
2500,0.2687016337,6804,0.7312983663,59813.1341987,2,10,0
2267,0.2678086237,6198,0.7321913763,45348.8566317,2,10,0
2233,0.2608035506,6329,0.7391964494,49205.7935911,2,10,0
1500,0.2664771718,4129,0.7335228282,31449.5869411,2,10,0
1000,0.265674814,2764,0.734325186,33750.8880702,2,10,0
1000,0.2651816494,2771,0.7348183506,26095.801864,2,10,0
2936,0.2593410476,8385,0.7406589524,58731.4702561,2,10,0
3169,0.2471918877,9651,0.7528081123,66347.5188404,256,13,0
180,0.989010989,2,0.010989011,3767.01553067,256,13,0
180,1,0,0,3767.01553067,256,13,0
180,1,0,0,3767.01553067,256,13,0
180,1,0,0,3767.01553067,256,13,0
288,1,0,0,-54.4327159372,256,13,0
180,1,0,0,3767.78551755,256,13,0
180,1,0,0,3767.78551755,256,13,0
180,1,0,0,3767.78551755,256,13,0
180,1,0,0,3767.78551755,256,13,0
180,1,0,0,3767.78551755,256,13,0
180,1,0,0,3767.78551755,256,13,0
180,1,0,0,3767.78551755,256,13,0
180,1,0,0,3767.78551755,256,13,0
180,1,0,0,3767.78551755,256,13,0
261,1,0,0,5314.45865672,128,13,0
360,1,0,0,7349.28454715,128,13,0
360,1,0,0,7349.28454715,128,13,0
360,1,0,0,7349.28454715,128,13,0
360,1,0,0,7349.28454715,128,13,0
360,1,0,0,7349.28454715,128,13,0
360,1,0,0,7349.28454715,128,13,0
360,1,0,0,7349.28454715,128,13,0
357,0.9807692308,7,0.0192307692,7289.49366503,128,13,0
358,0.9916897507,3,0.0083102493,7309.91241479,128,13,0
360,1,0,0,7350.74991432,128,13,0
360,1,0,0,7350.74991432,128,13,0
360,1,0,0,7350.74991432,128,13,0
360,1,0,0,7350.74991432,128,13,0
360,1,0,0,7350.74991432,128,13,0
486,1,0,0,9752.3788731,64,13,0
720,1,0,0,14499.1086572,64,13,0
720,1,0,0,14499.1086572,64,13,0
720,1,0,0,14499.1086572,64,13,0
720,1,0,0,14499.1086572,64,13,0
720,1,0,0,14499.1086572,64,13,0
720,1,0,0,14499.1086572,64,13,0
720,1,0,0,14499.1086572,64,13,0
720,1,0,0,14499.1086572,64,13,0
720,1,0,0,14499.1086572,64,13,0
720,1,0,0,14499.1086572,64,13,0
720,1,0,0,14499.1086572,64,13,0
736,1,0,0,14821.3110718,64,13,0
726,1,0,0,14622.8100529,64,13,0
678,1,0,0,13656.012694,64,13,0
801,0.9962686567,3,0.0037313433,16038.7942591,32,13,0
1278,0.9968798752,4,0.0031201248,25564.9928431,32,13,0
1278,0.9968798752,4,0.0031201248,25579.9830828,32,13,0
1271,0.99296875,9,0.00703125,25439.8736293,32,13,0
1276,0.996875,4,0.003125,25539.9518104,32,13,0
1280,1,0,0,25620.0143552,32,13,0
1280,1,0,0,25630.033273,32,13,0
1268,0.9890795632,14,0.0109204368,25364.9537755,32,13,0
1261,0.9836193448,21,0.0163806552,25254.5254618,32,13,0
1294,0.9961508853,5,0.0038491147,25915.428983,32,13,0
1279,0.99921875,1,0.00078125,25615.0182915,32,13,0
1280,1,0,0,25635.0456709,32,13,0
1280,1,0,0,25635.0456709,32,13,0
1222,0.9554339328,57,0.0445660672,24473.457664,32,13,0
1167,0.9088785047,117,0.0911214953,23344.5591924,32,13,0
1349,0.9195637355,118,0.0804362645,27001.0932541,32,13,0
2294,0.8953942233,268,0.1046057767,45915.8694772,16,13,0
2076,0.809988295,487,0.190011705,41552.4607824,16,13,0
2099,0.8192818111,463,0.1807181889,42012.8204153,16,13,0
2086,0.8853989813,270,0.1146010187,41760.7794011,16,13,0
2130,0.9181034483,190,0.0818965517,42624.9739723,16,13,0
2063,0.8896075895,256,0.1103924105,41300.329772,16,13,0
2007,0.8818101933,269,0.1181898067,40179.235023,16,13,0
2097,0.9246031746,171,0.0753968254,41948.192482,16,13,0
2134,0.940502424,135,0.059497576,42738.4277045,16,13,0
2176,0.9662522202,76,0.0337477798,43528.5011163,16,13,0
2199,0.9773333333,51,0.0226666667,43988.5909718,16,13,0
2192,0.9737894269,59,0.0262105731,43848.5636245,16,13,0
2170,0.9819004525,40,0.0180995475,43408.4776757,16,13,0
1905,0.9855147439,28,0.0144852561,38107.4423835,16,13,0
1928,0.9572989076,86,0.0427010924,38567.532239,16,13,0
3170,0.8218822919,687,0.1781177081,63412.3844387,8,13,0
3270,0.8478091781,587,0.1521908219,65425.5552219,8,13,0
3302,0.8590010406,542,0.1409989594,66065.8053036,8,13,0
3359,0.8729209979,489,0.1270790021,67206.2507615,8,13,0
3383,0.8798439532,462,0.1201560468,67673.2165792,8,13,0
3510,0.9119251754,339,0.0880748246,70213.7127381,8,13,0
3615,0.9416514717,224,0.0583485283,72314.1229482,8,13,0
3397,0.8850964044,441,0.1149035956,67966.5477335,8,13,0
3401,0.8845253576,444,0.1154746424,68059.8762815,8,13,0
3193,0.8293506494,657,0.1706493506,63872.4742942,8,13,0
3213,0.8345454545,637,0.1654545455,64285.1097639,8,13,0
3065,0.7915805785,807,0.2084194215,61323.9531361,8,13,0
3259,0.8471536262,588,0.1528463738,65205.4692563,8,13,0
3561,0.9261378414,284,0.0738621586,71233.911983,8,13,0
3271,0.8496103896,579,0.1503896104,65432.7790217,8,13,0
3885,0.2523874488,11508,0.7476125512,77730.3614792,2,13,0
3913,0.2547691907,11446,0.7452308093,78290.5803007,2,13,0
3930,0.2551451016,11473,0.7448548984,78646.0787375,2,13,0
3997,0.2598491744,11385,0.7401508256,79955.6153317,2,13,0
3995,0.2599557522,11373,0.7400442478,79931.221135,2,13,0
3942,0.2563735692,11434,0.7436264308,78870.8069372,2,13,0
3862,0.2513341143,11504,0.7486658857,77255.0879187,2,13,0
3827,0.2492185465,11529,0.7507814535,76599.8397948,2,13,0
3937,0.2560150865,11441,0.7439849135,78770.7678619,2,13,0
3872,0.2517227929,11510,0.7482772071,77455.1269863,2,13,0
3939,0.2559620508,11450,0.7440379492,78810.783492,2,13,0
3950,0.25686045,11428,0.74313955,79030.8694576,2,13,0
3837,0.2497396511,11527,0.7502603489,76754.9902496,2,13,0
3849,0.2503251821,11527,0.7496748179,77010.0801373,2,13,0
3785,0.2517794186,11248,0.7482205814,77207.9956886,2,13,0
160,0.9523809524,8,0.0476190476,3342.9928415,256,16,0
160,1,0,0,3342.9928415,256,16,0
160,1,0,0,3342.9928415,256,16,0
160,1,0,0,3342.9928415,256,16,0
160,1,0,0,3342.9928415,256,16,0
160,1,0,0,3342.9928415,256,16,0
200,1,0,0,-37.676437012,256,16,0
160,1,0,0,3343.6750416,256,16,0
160,1,0,0,3343.6750416,256,16,0
160,1,0,0,3343.6750416,256,16,0
160,1,0,0,3343.6750416,256,16,0
160,1,0,0,3343.6750416,256,16,0
160,1,0,0,3343.6750416,256,16,0
160,1,0,0,3343.6750416,256,16,0
176,1,0,0,3544.92364919,256,16,0
309,0.9747634069,8,0.0252365931,6286.81998708,128,16,0
309,0.9566563467,14,0.0433436533,6289.31905705,128,16,0
315,0.984375,5,0.015625,6408.89416159,128,16,0
318,0.99375,2,0.00625,6471.21692252,128,16,0
308,0.9625,12,0.0375,6266.47429133,128,16,0
311,0.9658385093,11,0.0341614907,6327.51137858,128,16,0
319,0.9906832298,3,0.0093167702,6495.43888856,128,16,0
320,1,0,0,6514.50546251,128,16,0
320,1,0,0,6511.91640002,128,16,0
320,1,0,0,6514.50546251,128,16,0
320,1,0,0,6515.80076595,128,16,0
320,1,0,0,6515.80076595,128,16,0
320,1,0,0,6517.09658459,128,16,0
320,1,0,0,6517.09658459,128,16,0
318,1,0,0,6363.72850853,128,16,0
664,1,0,0,13316.4097275,64,16,0
660,1,0,0,13236.1903918,64,16,0
660,1,0,0,13236.1903918,64,16,0
640,1,0,0,12837.607772,64,16,0
640,1,0,0,12837.607772,64,16,0
640,1,0,0,12837.607772,64,16,0
640,1,0,0,12837.607772,64,16,0
640,1,0,0,12837.607772,64,16,0
640,1,0,0,12837.607772,64,16,0
640,1,0,0,12837.607772,64,16,0
640,1,0,0,12837.607772,64,16,0
640,1,0,0,12837.607772,64,16,0
626,0.978125,14,0.021875,12556.785102,64,16,0
602,0.940625,38,0.059375,12075.3748105,64,16,0
575,0.9778911565,13,0.0221088435,12594.6418889,64,16,0
1278,1,0,0,25574.9843834,32,16,0
1280,1,0,0,25615.0078331,32,16,0
1281,1,0,0,25625.0045634,32,16,0
1280,1,0,0,25605.0006566,32,16,0
1280,1,0,0,25605.0006566,32,16,0
1280,1,0,0,25605.0006566,32,16,0
1280,1,0,0,25605.0006566,32,16,0
1280,1,0,0,25605.0006566,32,16,0
1280,1,0,0,25605.0006566,32,16,0
1280,1,0,0,25610.0032673,32,16,0
1280,1,0,0,25610.0032673,32,16,0
1280,1,0,0,25610.0032673,32,16,0
1138,0.9111289031,111,0.0888710969,22768.8935298,32,16,0
1132,0.8641221374,178,0.1358778626,22648.8466395,32,16,0
1134,0.8859375,146,0.1140625,22688.8622696,32,16,0
2035,0.8870967742,259,0.1129032258,40723.8601096,16,16,0
2450,0.9559110417,113,0.0440889583,49019.1468788,16,16,0
2477,0.9694716243,78,0.0305283757,49569.042502,16,16,0
2494,0.9719407638,72,0.0280592362,49889.7434669,16,16,0
2382,0.93046875,178,0.06953125,47667.9286394,16,16,0
2393,0.9351309105,166,0.0648690895,47888.057613,16,16,0
2300,0.8984375,260,0.1015625,46026.9672001,16,16,0
2148,0.8387348692,413,0.1612651308,42985.1850199,16,16,0
2155,0.840811549,408,0.159188451,43142.1282883,16,16,0
2245,0.8601532567,365,0.1398467433,44935.1033027,16,16,0
2250,0.854214123,384,0.145785877,45035.1814838,16,16,0
2264,0.8582259287,374,0.1417740713,45324.259139,16,16,0
2247,0.8726213592,328,0.1273786408,44983.9268045,16,16,0
2245,0.8684719536,340,0.1315280464,44935.1033027,16,16,0
2232,0.8597842835,364,0.1402157165,44674.9000319,16,16,0
2830,0.6991106719,1218,0.3008893281,56611.0561393,8,16,0
2971,0.6786203746,1407,0.3213796254,59431.6069928,8,16,0
2761,0.7158413275,1096,0.2841586725,55241.5773601,8,16,0
2359,0.851317214,412,0.148682786,47189.2160539,8,16,0
2544,0.993361968,17,0.006638032,50899.8814937,8,16,0
2559,0.999609375,1,0.000390625,51199.9987195,8,16,0
2501,0.976953125,59,0.023046875,50039.5454465,8,16,0
2539,0.9914096056,22,0.0085903944,50789.9192712,8,16,0
2181,0.8522860492,378,0.1477139508,43637.0446296,8,16,0
2479,0.9679812573,82,0.0320187427,49599.3735153,8,16,0
2543,0.993359375,17,0.006640625,50879.8736787,8,16,0
2560,1,0,0,51220.0065346,8,16,0
2560,1,0,0,51220.0065346,8,16,0
2560,1,0,0,51220.0065346,8,16,0
2560,1,0,0,51220.0065346,8,16,0
3409,0.4541699973,4097,0.5458300027,68193.318155,2,16,0
4129,0.4017318544,6149,0.5982681456,82644.5619318,2,16,0
3945,0.3848780488,6305,0.6151219512,78915.41218,2,16,0
3983,0.3885095591,6269,0.6114904409,79675.560637,2,16,0
3921,0.3828353837,6321,0.6171646163,78435.3184177,2,16,0
3872,0.378198867,6366,0.621801133,77470.2598835,2,16,0
3520,0.343314152,6733,0.656685848,70441.271541,2,16,0
3772,0.3679641011,6479,0.6320358989,75454.73631,2,16,0
4137,0.4037279204,6110,0.5962720796,82756.1622785,2,16,0
4285,0.4180079992,5966,0.5819920008,85733.4875002,2,16,0
4217,0.4112942553,6036,0.5887057447,84356.4748195,2,16,0
4028,0.3928606262,6225,0.6071393738,80575.7364413,2,16,0
3633,0.3546466224,6611,0.6453533776,72674.1932699,2,16,0
3894,0.379902439,6356,0.620097561,77895.2129351,2,16,0
4081,0.3981851888,6168,0.6018148112,81651.8932295,2,16,0
1424,0.4083739604,2063,0.5916260396,28806.3004881,2,16,0
80,1,0,0,1673.20331428,256,19,0
80,1,0,0,1673.20331428,256,19,0
80,1,0,0,1673.20331428,256,19,0
80,1,0,0,1673.5451114,256,19,0
80,1,0,0,1673.5451114,256,19,0
80,1,0,0,1673.5451114,256,19,0
80,1,0,0,1673.5451114,256,19,0
104,1,0,0,-19.6007980657,256,19,0
80,1,0,0,1673.5451114,256,19,0
80,1,0,0,1673.5451114,256,19,0
80,1,0,0,1673.5451114,256,19,0
80,1,0,0,1673.88704819,256,19,0
80,1,0,0,1674.22912474,256,19,0
81,1,0,0,1620.94971444,256,19,0
127,0.9407407407,8,0.0592592593,2559.49903147,128,19,0
156,0.975,4,0.025,3183.42074476,128,19,0
159,0.99375,1,0.00625,3244.64037447,128,19,0
159,0.99375,1,0.00625,3244.64037447,128,19,0
160,1,0,0,3265.0469177,128,19,0
160,1,0,0,3265.0469177,128,19,0
160,1,0,0,3265.0469177,128,19,0
160,1,0,0,3265.0469177,128,19,0
160,1,0,0,3265.0469177,128,19,0
160,1,0,0,3265.0469177,128,19,0
161,1,0,0,3285.45346094,128,19,0
167,1,0,0,3407.89272035,128,19,0
160,1,0,0,3265.69767294,128,19,0
172,1,0,0,3510.62499841,128,19,0
166,1,0,0,3388.16133567,128,19,0
254,1,0,0,5094.9255845,64,19,0
320,1,0,0,6438.98353803,64,19,0
320,1,0,0,6438.98353803,64,19,0
320,1,0,0,6438.98353803,64,19,0
320,1,0,0,6438.98353803,64,19,0
320,1,0,0,6438.98353803,64,19,0
320,1,0,0,6438.98353803,64,19,0
320,1,0,0,6438.98353803,64,19,0
320,1,0,0,6438.98353803,64,19,0
320,1,0,0,6438.98353803,64,19,0
320,1,0,0,6438.98353803,64,19,0
334,1,0,0,6722.0098729,64,19,0
336,0.9853372434,5,0.0146627566,6722.62585766,64,19,0
343,0.9828080229,6,0.0171919771,6861.34001971,64,19,0
334,0.9970149254,1,0.0029850746,6689.14472976,64,19,0
470,1,0,0,9401.83617861,32,19,0
640,1,0,0,12842.6594619,32,19,0
640,1,0,0,12842.6594619,32,19,0
640,1,0,0,12842.6594619,32,19,0
640,1,0,0,12842.6594619,32,19,0
640,1,0,0,12842.6594619,32,19,0
640,1,0,0,12842.6594619,32,19,0
640,1,0,0,12840.1434244,32,19,0
640,1,0,0,12840.1434244,32,19,0
640,1,0,0,12840.1434244,32,19,0
641,1,0,0,12822.5042351,32,19,0
640,1,0,0,12807.5039165,32,19,0
640,1,0,0,12807.5039165,32,19,0
640,1,0,0,12810.0071776,32,19,0
640,1,0,0,12810.0071776,32,19,0
864,1,0,0,17290.1302873,16,19,0
1280,1,0,0,25640.0600298,16,19,0
1281,1,0,0,25625.0045634,16,19,0
1280,1,0,0,25625.0228348,16,19,0
1280,1,0,0,25625.0228348,16,19,0
1280,1,0,0,25625.0228348,16,19,0
1280,1,0,0,25625.0228348,16,19,0
1280,1,0,0,25630.033273,16,19,0
1280,1,0,0,25630.033273,16,19,0
1280,1,0,0,25630.033273,16,19,0
1280,1,0,0,25630.033273,16,19,0
1280,1,0,0,25630.033273,16,19,0
1280,1,0,0,25635.0456709,16,19,0
1280,1,0,0,25635.0456709,16,19,0
1280,1,0,0,25635.0456709,16,19,0
1582,1,0,0,31646.1804991,8,19,0
2561,1,0,0,51230.00522,8,19,0
2560,1,0,0,51230.0156662,8,19,0
2560,1,0,0,51230.0156662,8,19,0
2560,1,0,0,51230.0156662,8,19,0
2560,1,0,0,51230.0156662,8,19,0
2336,0.9146436962,218,0.0853563038,46783.9583495,8,19,0
2305,0.8975856698,263,0.1024143302,46127.0258244,8,19,0
2560,0.9996095275,1,0.0003904725,51210.0013133,8,19,0
2560,1,0,0,51220.0065346,8,19,0
2560,1,0,0,51220.0065346,8,19,0
2560,1,0,0,51220.0065346,8,19,0
2560,1,0,0,51220.0065346,8,19,0
2560,1,0,0,51220.0065346,8,19,0
2560,1,0,0,51220.0065346,8,19,0
2603,0.6541844685,1376,0.3458155315,52090.5198356,8,19,0
3918,0.3820947923,6336,0.6179052077,78375.3066974,2,19,0
3932,0.3834601131,6322,0.6165398869,78655.3613921,2,19,0
3926,0.3828376402,6329,0.6171623598,78550.6818963,2,19,0
3894,0.3804592086,6341,0.6195407914,77895.2129351,2,19,0
4041,0.3938980407,6218,0.6061019593,80851.5806274,2,19,0
4066,0.3969927748,6176,0.6030072252,81335.8848983,2,19,0
3977,0.3880757221,6271,0.6119242779,79571.080464,2,19,0
3662,0.3564684123,6611,0.6435315877,73254.3065661,2,19,0
3429,0.3344387009,6824,0.6655612991,68606.7978152,2,19,0
3548,0.3455058915,6721,0.6544941085,70987.7278065,2,19,0
3275,0.3194498634,6977,0.6805501366,65525.5942971,2,19,0
2923,0.2851707317,7327,0.7148292683,58471.4194682,2,19,0
3662,0.3573728896,6585,0.6426271104,73254.3065661,2,19,0
3829,0.3736703425,6418,0.6263296575,76594.9589955,2,19,0
3122,0.383726647,5014,0.616273353,62635.7241107,2,19,0
100,1,0,0,2007.84263333,256,22,0
100,1,0,0,2007.84263333,256,22,0
100,1,0,0,2007.84263333,256,22,0
100,1,0,0,2007.84263333,256,22,0
100,1,0,0,2007.84263333,256,22,0
101,1,0,0,2020.39458306,256,22,0
100,1,0,0,2009.02433642,256,22,0
100,1,0,0,2009.02433642,256,22,0
100,1,0,0,2009.02433642,256,22,0
131,1,0,0,-24.6996499702,256,22,0
100,1,0,0,2083.84344084,256,22,0
100,1,0,0,2083.84344084,256,22,0
100,1,0,0,2083.84344084,256,22,0
100,1,0,0,2083.84344084,256,22,0
122,1,0,0,2442.86254633,128,22,0
200,1,0,0,4005.47588608,128,22,0
200,1,0,0,4005.47588608,128,22,0
200,1,0,0,4006.25937965,128,22,0
200,1,0,0,4006.25937965,128,22,0
200,1,0,0,4006.25937965,128,22,0
200,1,0,0,4006.25937965,128,22,0
200,1,0,0,4006.25937965,128,22,0
200,1,0,0,4007.0431798,128,22,0
200,1,0,0,4007.0431798,128,22,0
200,1,0,0,4007.0431798,128,22,0
200,1,0,0,4007.0431798,128,22,0
200,1,0,0,4007.0431798,128,22,0
200,1,0,0,4007.82728669,128,22,0
200,1,0,0,4007.82728669,128,22,0
217,1,0,0,4341.69586641,128,22,0
400,1,0,0,8032.94551946,64,22,0
401,1,0,0,8021.56661196,64,22,0
400,1,0,0,8020.36289937,64,22,0
400,1,0,0,8020.36289937,64,22,0
400,1,0,0,8021.93357077,64,22,0
400,1,0,0,8021.93357077,64,22,0
400,1,0,0,8023.50485748,64,22,0
417,1,0,0,8364.50381392,64,22,0
410,0.9832134293,7,0.0167865707,8224.09247892,64,22,0
485,1,0,0,9728.49963969,64,22,0
421,0.9859484778,6,0.0140515222,8446.39328975,64,22,0
483,1,0,0,9690.28018753,64,22,0
400,1,0,0,8025.07675986,64,22,0
400,1,0,0,8025.07675986,64,22,0
391,1,0,0,7823.05568555,64,22,0
800,1,0,0,16006.252042,32,22,0
800,1,0,0,16009.3798957,32,22,0
800,1,0,0,16009.3798957,32,22,0
800,1,0,0,16009.3798957,32,22,0
800,1,0,0,16009.3798957,32,22,0
800,1,0,0,16009.3798957,32,22,0
800,1,0,0,16012.508972,32,22,0
800,1,0,0,16012.508972,32,22,0
800,1,0,0,16012.508972,32,22,0
800,1,0,0,16012.508972,32,22,0
800,1,0,0,16015.6392717,32,22,0
800,1,0,0,16015.6392717,32,22,0
800,1,0,0,16015.6392717,32,22,0
800,1,0,0,16015.6392717,32,22,0
744,1,0,0,15938.4194315,32,22,0
1596,1,0,0,31932.4728239,16,22,0
1600,1,0,0,32012.5040841,16,22,0
1600,1,0,0,32018.7597914,16,22,0
1600,1,0,0,32018.7597914,16,22,0
1600,1,0,0,32018.7597914,16,22,0
1600,1,0,0,32018.7597914,16,22,0
1600,1,0,0,32018.7597914,16,22,0
1600,1,0,0,32018.7597914,16,22,0
1600,1,0,0,32018.7597914,16,22,0
1600,1,0,0,32018.7597914,16,22,0
1600,1,0,0,32018.7597914,16,22,0
1600,1,0,0,32018.7597914,16,22,0
1600,1,0,0,32018.7597914,16,22,0
1600,1,0,0,32018.7597914,16,22,0
1600,1,0,0,32018.7597914,16,22,0
2368,0.8385269122,456,0.1614730878,47387.7644912,8,22,0
2651,0.82792005,551,0.17207995,53051.0826293,8,22,0
2584,0.8052352758,625,0.1947647242,51690.0950756,8,22,0
2636,0.822721598,568,0.177278402,52730.2982272,8,22,0
2769,0.8639625585,436,0.1360374415,55423.2966794,8,22,0
2982,0.9312929419,220,0.0687070581,59686.6271932,8,22,0
2827,0.8823345818,377,0.1176654182,56551.044419,8,22,0
2537,0.7852058186,694,0.2147941814,50749.9114577,8,22,0
2759,0.8584318606,455,0.1415681394,55190.7787591,8,22,0
2940,0.9110629067,287,0.0889370933,58811.4858832,8,22,0
2712,0.8406695598,514,0.1593304402,54261.1944225,8,22,0
3123,0.9650803461,113,0.0349196539,62472.2008208,8,22,0
3061,0.9559650219,141,0.0440349781,61231.9586015,8,22,0
3183,0.9922069825,25,0.0077930175,63672.4352266,8,22,0
3200,1,0,0,64012.5016416,8,22,0
3360,0.3339960239,6700,0.6660039761,67213.1267236,2,22,0
4040,0.372487553,6806,0.627512447,80831.5728123,2,22,0
3910,0.3810173455,6352,0.6189826545,78215.2754433,2,22,0
3967,0.3872510738,6277,0.6127489262,79355.4981288,2,22,0
4211,0.4106690072,6043,0.5893309928,84236.451379,2,22,0
4402,0.4294634146,5848,0.5705365854,88057.1975707,2,22,0
4473,0.4367737526,5768,0.5632262474,89477.4749509,2,22,0
4205,0.410364009,6042,0.589635991,84116.4279384,2,22,0
4021,0.3926757813,6219,0.6073242188,80435.709094,2,22,0
4033,0.3941170722,6200,0.6058829278,80675.7559751,2,22,0
3951,0.3858398438,6289,0.6141601563,79035.4356206,2,22,0
3952,0.3848475996,6317,0.6151524004,79055.4395273,2,22,0
4247,0.4143818909,6002,0.5856181091,84956.5920224,2,22,0
4442,0.4335773548,5803,0.5664226452,88874.7144635,2,22,0
4541,0.4434570313,5699,0.5565429688,90837.7406107,2,22,0
1256,0.4485714286,1544,0.5514285714,25508.5824397,2,22,0
120,1,0,0,2492.49292288,256,25,0
120,1,0,0,2492.49292288,256,25,0
120,1,0,0,2492.49292288,256,25,0
120,1,0,0,2492.49292288,256,25,0
120,1,0,0,2492.49292288,256,25,0
120,1,0,0,2492.49292288,256,25,0
120,1,0,0,2492.49292288,256,25,0
120,1,0,0,2492.49292288,256,25,0
120,1,0,0,2492.49292288,256,25,0
120,1,0,0,2492.49292288,256,25,0
156,1,0,0,-29.4030373977,256,25,0
120,1,0,0,2492.99856933,256,25,0
120,1,0,0,2492.99856933,256,25,0
120,1,0,0,2492.99856933,256,25,0
204,1,0,0,4120.23408585,128,25,0
240,1,0,0,4859.79442462,128,25,0
240,1,0,0,4859.79442462,128,25,0
240,1,0,0,4859.79442462,128,25,0
240,1,0,0,4859.79442462,128,25,0
240,1,0,0,4860.75555584,128,25,0
239,0.9958333333,1,0.0041666667,4840.50240769,128,25,0
240,1,0,0,4860.75555584,128,25,0
238,0.9916666667,2,0.0083333333,4820.24925954,128,25,0
240,1,0,0,4860.75555584,128,25,0
237,0.9875,3,0.0125,4799.9961114,128,25,0
239,0.9958333333,1,0.0041666667,4840.50240769,128,25,0
239,0.9958333333,1,0.0041666667,4840.50240769,128,25,0
237,0.9875,3,0.0125,4799.9961114,128,25,0
237,0.9875,3,0.0125,4799.9961114,128,25,0
371,0.9893333333,4,0.0106666667,7481.36665815,64,25,0
480,1,0,0,9690.86151759,64,25,0
481,1,0,0,9621.879153,64,25,0
480,1,0,0,9607.50538321,64,25,0
480,1,0,0,9607.50538321,64,25,0
480,1,0,0,9607.50538321,64,25,0
480,1,0,0,9609.39895312,64,25,0
480,1,0,0,9611.27787346,64,25,0
480,1,0,0,9611.27787346,64,25,0
480,1,0,0,9611.27787346,64,25,0
480,1,0,0,9613.15752871,64,25,0
480,1,0,0,9613.15752871,64,25,0
480,1,0,0,9613.15752871,64,25,0
480,1,0,0,9613.15752871,64,25,0
480,1,0,0,9613.15752871,64,25,0
695,1,0,0,13902.7152003,32,25,0
960,1,0,0,19203.7504925,32,25,0
960,1,0,0,19203.7504925,32,25,0
960,1,0,0,19203.7504925,32,25,0
960,1,0,0,19203.7504925,32,25,0
960,1,0,0,19203.7504925,32,25,0
960,1,0,0,19203.7504925,32,25,0
961,1,0,0,19223.7543992,32,25,0
960,1,0,0,19215.0107664,32,25,0
960,1,0,0,19215.0107664,32,25,0
961,1,0,0,19223.7543992,32,25,0
960,1,0,0,19218.7671261,32,25,0
960,1,0,0,19218.7671261,32,25,0
960,1,0,0,19218.7671261,32,25,0
960,1,0,0,19222.5249547,32,25,0
1263,1,0,0,25264.9342417,16,25,0
1843,0.9608967675,75,0.0391032325,36888.8175443,16,25,0
1919,0.9974012474,5,0.0025987526,38387.4970782,16,25,0
1920,1,0,0,38422.5117496,16,25,0
1920,1,0,0,38430.0215328,16,25,0
1920,1,0,0,38430.0215328,16,25,0
1915,0.9968766268,6,0.0031233732,38329.9433517,16,25,0
1908,0.99375,12,0.00625,38189.8338982,16,25,0
1908,0.99375,12,0.00625,38189.8338982,16,25,0
1897,0.9880208333,23,0.0119791667,37969.6618999,16,25,0
1909,0.9942708333,11,0.0057291667,38209.8495345,16,25,0
1829,0.9535974974,89,0.0464025026,36601.4447865,16,25,0
1800,0.933125972,129,0.066874028,36035.1883614,16,25,0
1842,0.9583766909,80,0.0416233091,36876.0094232,16,25,0
1820,0.9479166667,100,0.0520833333,36435.5793432,16,25,0
2184,0.9562171629,100,0.0437828371,43688.5323704,8,25,0
3353,0.8734045324,486,0.1265954676,67099.3134878,8,25,0
3575,0.9302628155,268,0.0697371845,71513.9666777,8,25,0
3748,0.9765502866,90,0.0234497134,74989.290817,8,25,0
3759,0.9783966684,83,0.0216033316,75194.6855221,8,25,0
3420,0.8913213448,417,0.1086786552,68440.099054,8,25,0
3222,0.8432347553,599,0.1567652447,64465.1800993,8,25,0
3188,0.8256928257,673,0.1743071743,63784.9143876,8,25,0
3292,0.8563995838,552,0.1436004162,65865.727153,8,25,0
3391,0.8826132223,451,0.1173867777,67859.7590328,8,25,0
3480,0.9057782405,362,0.0942217595,69627.1963829,8,25,0
3498,0.9095163807,348,0.0904836193,69973.6658569,8,25,0
3471,0.90390625,369,0.09609375,69460.6970224,8,25,0
3415,0.887012987,435,0.112987013,68326.6884045,8,25,0
3323,0.856222623,558,0.143777377,66511.9591425,8,25,0
2908,0.5424361127,2453,0.4575638873,58171.3608668,8,25,0
3928,0.2554132258,11451,0.7445867742,78590.6975265,2,25,0
4028,0.2621542467,11337,0.7378457533,80591.4790317,2,25,0
4192,0.3268870867,8632,0.6731129133,83856.3771505,2,25,0
4272,0.3336196798,8533,0.6663803202,85456.6896915,2,25,0
4312,0.3365594755,8500,0.6634405245,86256.845962,2,25,0
4300,0.3357538846,8507,0.6642461154,86016.7990809,2,25,0
4317,0.3373710535,8479,0.6626289465,86356.8654958,2,25,0
4460,0.3481654957,8350,0.6518345043,89217.4241629,2,25,0
4443,0.126401138,30707,0.873598862,88877.357748,2,25,0
4273,0.333593567,8536,0.666406433,85476.6935983,2,25,0
4230,0.3299531981,8590,0.6700468019,84616.5256075,2,25,0
4329,0.3382559775,8469,0.6617440225,86596.912377,2,25,0
4387,0.3424935592,8422,0.6575064408,87757.1389692,2,25,0
4433,0.3459227468,8382,0.6540772532,88677.3186803,2,25,0
1231,0.7492391966,412,0.2507608034,24600.7818692,64,25,20
1087,0.6386603995,615,0.3613396005,21799.6044786,64,25,20
1152,0.6861226921,527,0.3138773079,23076.0540268,64,25,20
1026,0.6259914582,613,0.3740085418,20552.1106176,64,25,20
498,0.5678449259,379,0.4321550741,9985.35180971,64,25,20
70,0.4294478528,93,0.5705521472,1417.16211667,64,4,20
59,0.3597560976,105,0.6402439024,1194.93767691,64,4,20
66,0.3928571429,102,0.6071428571,1336.18142428,64,4,20
97,0.5388888889,83,0.4611111111,1963.77860967,64,4,20
238,0.9260700389,19,0.0739299611,4800.31254472,64,7,20
249,0.902173913,27,0.097826087,5038.05196133,64,7,20
268,0.9605734767,11,0.0394265233,5427.84370403,64,7,20
188,0.6988847584,81,0.3011152416,3807.59185208,64,7,20
147,0.5157894737,138,0.4842105263,2946.90636977,64,10,20
244,0.5570776256,194,0.4429223744,4934.94418811,64,10,20
242,0.5512528474,197,0.4487471526,4843.78396403,64,10,20
243,0.5651162791,187,0.4348837209,4918.60468294,64,10,20
292,0.6532438479,155,0.3467561521,5849.1386943,64,10,20
405,0.675,195,0.325,8106.33266708,64,13,20
472,0.6638537271,239,0.3361462729,9527.45344794,64,13,20
545,0.7435197817,188,0.2564802183,10910.6542539,64,13,20
496,0.6729986431,241,0.3270013569,9937.4670859,64,13,20
449,0.65356623,238,0.34643377,8985.26446645,64,13,20
581,0.6609783845,298,0.3390216155,11631.3580211,64,16,20
663,0.7383073497,235,0.2616926503,13267.7735885,64,16,20
594,0.7243902439,226,0.2756097561,11900.918244,64,16,20
587,0.7211302211,227,0.2788697789,11742.2932699,64,16,20
508,0.6357947434,291,0.3642052566,10187.8556349,64,19,20
623,0.6211365902,380,0.3788634098,12540.8243589,64,19,20
750,0.754527163,244,0.245472837,15014.6858642,64,19,20
691,0.7138429752,277,0.2861570248,13822.6995732,64,19,20
707,0.7119838872,286,0.2880161128,14313.3373783,64,19,20
727,0.5934693878,498,0.4065306122,14594.1545292,64,22,20
684,0.5796610169,496,0.4203389831,13728.2603264,64,22,20
610,0.5156382079,573,0.4843617921,12245.4391511,64,22,20
567,0.4858611825,600,0.5141388175,11375.5463071,64,22,20
2352,0.6772243018,1121,0.3227756982,47040,32,27,20
1935,0.5791679138,1406,0.4208320862,38715.1221267,32,27,20
1964,0.6103169671,1254,0.3896830329,39287.6728825,32,27,20
1944,0.6069310022,1259,0.3930689978,38910.396802,32,27,20
2111,0.6572229141,1101,0.3427770859,42277.7979776,32,27,20
2077,0.6496715671,1120,0.3503284329,41564.3525542,32,27,20
1920,0.605487228,1251,0.394512772,38407.5009849,32,27,20
1856,0.5952533675,1262,0.4047466325,37141.761358,32,27,20
1989,0.6318297332,1159,0.3681702668,39795.5441395,32,27,20
1952,0.6463576159,1068,0.3536423841,39047.6260014,32,27,20
2023,0.6694242224,999,0.3305757776,40467.9033815,32,27,20
1896,0.6284388465,1121,0.3715611535,37994.2026778,32,27,20
1947,0.6421503958,1085,0.3578496042,38947.6064675,32,27,20
1971,0.6511397423,1056,0.3488602577,39435.4034686,32,27,20
1911,0.6432177718,1060,0.3567822282,38227.4658241,32,27,20
338,0.5442834138,283,0.4557165862,6774.55377387,32,8,20
468,0.6657183499,235,0.3342816501,9398.54625777,32,8,20
515,0.7388809182,182,0.2611190818,10308.0526507,32,8,20
461,0.6690856314,228,0.3309143687,9270.69587331,32,8,20
436,0.634643377,251,0.365356623,8721.70334866,32,8,20
567,0.7682926829,171,0.2317073171,11362.1903578,32,8,20
541,0.7421124829,188,0.2578875171,10841.1728105,32,8,20
437,0.6287769784,258,0.3712230216,8757.10262142,32,8,20
397,0.6070336391,257,0.3929663609,7989.93389084,32,8,20
464,0.6600284495,239,0.3399715505,9312.73799916,32,8,20
368,0.5696594427,278,0.4303405573,7362.87593934,32,8,20
445,0.6393678161,251,0.3606321839,8901.73850953,32,8,20
566,0.783933518,156,0.216066482,11322.2112279,32,8,20
560,0.8139534884,128,0.1860465116,11208.7562804,32,8,20
589,0.8157894737,133,0.1842105263,11789.2097306,32,8,20
826,0.8515463918,144,0.1484536082,16523.2269862,32,11,20
938,0.8435251799,174,0.1564748201,18763.6645437,32,11,20
711,0.6829971182,330,0.3170028818,14225.5565024,32,11,20
646,0.646,354,0.354,12950.3504413,32,11,20
723,0.6757009346,347,0.3242990654,14468.4770807,32,11,20
713,0.6663551402,357,0.3336448598,14265.5721325,32,11,20
906,0.8017699115,224,0.1982300885,18127.0804376,32,11,20
927,0.8218085106,201,0.1781914894,18616.3512413,32,11,20
1049,0.949321267,56,0.050678733,20988.1979901,32,11,20
961,0.8466960352,174,0.1533039648,19223.7543992,32,11,20
797,0.7365988909,285,0.2634011091,15986.8334285,32,11,20
788,0.7330232558,287,0.2669767442,15769.2391972,32,11,20
769,0.6990909091,331,0.3009090909,15395.03325,32,11,20
779,0.7253258845,295,0.2746741155,15604.3802838,32,11,20
692,0.6947791165,304,0.3052208835,13842.70348,32,11,20
1052,0.8744804655,151,0.1255195345,21052.3345628,32,14,20
1145,0.8621987952,183,0.1378012048,22944.8112163,32,14,20
914,0.7455138662,312,0.2544861338,18308.605365,32,14,20
854,0.7,366,0.3,17113.4225142,32,14,20
769,0.6246953696,462,0.3753046304,15386.0097754,32,14,20
774,0.6515151515,414,0.3484848485,15528.5235303,32,14,20
825,0.6892230576,372,0.3107769424,16503.2230795,32,14,20
860,0.7125103563,347,0.2874896437,17203.3598162,32,14,20
821,0.6841666667,379,0.3158333333,16429.6261179,32,14,20
757,0.6415254237,423,0.3584745763,15187.457768,32,14,20
1040,0.7831325301,288,0.2168674699,20808.1276547,32,14,20
1082,0.800295858,270,0.199704142,21661.152115,32,14,20
1018,0.7794793262,288,0.2205206738,20387.8722602,32,14,20
863,0.7576821773,276,0.2423178227,17287.0092232,32,14,20
945,0.7446808511,324,0.2553191489,18907.3852247,32,14,20
868,0.656580938,454,0.343419062,17366.7834656,32,17,20
1250,0.76499388,384,0.23500612,25048.9205418,32,17,20
1209,0.7408088235,423,0.2591911765,24203.6348494,32,17,20
1083,0.6928982726,480,0.3071017274,21706.6323583,32,17,20
1038,0.6722797927,506,0.3277202073,20792.4861804,32,17,20
1096,0.6976448122,475,0.3023551878,21924.2818122,32,17,20
977,0.6444591029,539,0.3555408971,19543.8169074,32,17,20
1000,0.6535947712,530,0.3464052288,20015.636215,32,17,20
1055,0.6724028043,514,0.3275971957,21108.2448805,32,17,20
1234,0.7161926872,489,0.2838073128,24699.2950893,32,17,20
1300,0.8,325,0.2,26020.3270795,32,17,20
1139,0.6957849725,498,0.3042150275,22797.8096489,32,17,20
1232,0.7307236062,454,0.2692763938,24654.4450393,32,17,20
1101,0.6928886092,488,0.3071113908,22024.3013461,32,17,20
1145,0.7028852056,484,0.2971147944,22931.3494478,32,17,20
1163,0.6742028986,562,0.3257971014,23291.8422776,32,20,20
1521,0.7211948791,588,0.2788051209,30443.782683,32,20,20
1590,0.7388475836,562,0.2611524164,31831.0830526,32,20,20
1677,0.7466607302,569,0.2533392698,33599.0570626,32,20,20
1707,0.7519823789,563,0.2480176211,34213.5008639,32,20,20
1786,0.7840210711,492,0.2159789289,35782.8955956,32,20,20
1712,0.778535698,487,0.221464302,34300.2896191,32,20,20
1507,0.7453016815,515,0.2546983185,30193.0703598,32,20,20
1387,0.6652278177,698,0.3347721823,27750.8394779,32,20,20
1284,0.6254262056,769,0.3745737944,25695.0547326,32,20,20
1463,0.6810986965,685,0.3189013035,29271.4334219,32,20,20
1549,0.7296278851,574,0.2703721149,30986.0515759,32,20,20
1441,0.6842355176,665,0.3157644824,28825.6296455,32,20,20
1446,0.6895565093,651,0.3104434907,28936.9541614,32,20,20
1324,0.639922668,745,0.360077332,26505.9254457,32,20,20
1383,0.6726653697,673,0.3273346304,27670.8082177,32,20,20
1792,0.6972762646,778,0.3027237354,35847.0009193,32,23,20
1719,0.6920289855,765,0.3079710145,34440.5913323,32,23,20
1654,0.67400163,800,0.32599837,33092.9260969,32,23,20
1368,0.5755153555,1009,0.4244846445,27402.85807,32,23,20
1469,0.5923387097,1011,0.4076612903,29402.9695999,32,23,20
1534,0.6218078638,933,0.3781921362,30715.9930006,32,23,20
1762,0.7062124249,733,0.2937875752,35246.8837164,32,23,20
2056,0.8675105485,314,0.1324894515,41192.4038883,32,23,20
1806,0.7135519557,725,0.2864480443,36148.2390043,32,23,20
1748,0.7271214642,656,0.2728785358,34994.1718088,32,23,20
1692,0.7321505842,619,0.2678494158,33879.7002327,32,23,20
1412,0.6228495809,855,0.3771504191,28289.7248494,32,23,20
1170,0.529651426,1039,0.470348574,23404.5709127,32,23,20
1168,0.5343092406,1018,0.4656907594,23364.5630992,32,23,20
1031,0.5888063963,720,0.4111936037,-195.4134033,32,23,20
347,0.8653366584,54,0.1346633416,6983.64498772,32,5,20
385,0.9188544153,34,0.0811455847,7743.85889362,32,5,20
383,1,0,0,7705.14444128,32,5,20
389,0.9676616915,13,0.0323383085,7819.70690774,32,5,20
232,0.6535211268,123,0.3464788732,4669.18051052,32,5,20
223,0.6676646707,111,0.3323353293,4487.16665307,32,5,20
222,0.6727272727,108,0.3272727273,4441.73494167,32,5,20
231,0.6774193548,110,0.3225806452,4620.90246225,32,5,20
227,0.6735905045,110,0.3264094955,4542.6615454,32,5,20
187,0.5701219512,141,0.4298780488,3741.46141483,32,5,20
249,0.6840659341,115,0.3159340659,4981.94594809,32,5,20
349,0.8746867168,50,0.1253132832,6985.45703904,32,5,20
368,0.8699763593,55,0.1300236407,7406.28632703,32,5,20
3131,0.4711813394,3514,0.5288186606,62620,16,28,20
2560,0.3894720828,4013,0.6105279172,51230.0156662,16,28,20
2474,0.3768469155,4091,0.6231530845,49489.6653316,16,28,20
2628,0.4033149171,3888,0.5966850829,52590.8129573,16,28,20
1539,0.4327896513,2017,0.5672103487,30792.0273659,16,28,20
534,0.7683453237,161,0.2316546763,10686.2610804,16,6,20
569,0.7762619372,164,0.2237380628,11393.3507284,16,6,20
437,0.6129032258,276,0.3870967742,8763.96242607,16,6,20
556,0.7325428195,203,0.2674571805,11122.1721602,16,6,20
1057,0.7056074766,441,0.2943925234,21164.8009137,16,9,20
1103,0.6357348703,632,0.3642651297,22064.3091596,16,9,20
1206,0.6813559322,564,0.3186440678,24124.7115562,16,9,20
1237,0.6826710817,575,0.3173289183,24764.1822239,16,9,20
1320,0.7224958949,507,0.2775041051,26425.8047984,16,9,20
1671,0.6633584756,848,0.3366415244,33452.6665289,16,12,20
1768,0.6887417219,799,0.3112582781,35380.7295695,16,12,20
1746,0.697284345,758,0.302715655,34940.4716223,16,12,20
1753,0.7105796514,714,0.2894203486,35073.6997871,16,12,20
1586,0.6556428276,833,0.3443571724,31726.1961261,16,15,20
1738,0.6167494677,1080,0.3832505323,34766.7899541,16,15,20
1649,0.5921005386,1136,0.4078994614,32986.4422522,16,15,20
1758,0.6209819852,1073,0.3790180148,35173.7388624,16,15,20
1486,0.5932135729,1019,0.4067864271,29725.8054498,16,15,20
1769,0.5152927469,1664,0.4847072531,35386.9110637,16,18,20
1962,0.5751978892,1449,0.4248021108,39263.0041942,16,18,20
1994,0.5888954519,1392,0.4111045481,39895.5832148,16,18,20
2082,0.6075284505,1345,0.3924715495,41664.4111785,16,18,20
1792,0.5206275421,1650,0.4793724579,35854.0045742,16,18,20
2182,0.4997709574,2184,0.5002290426,43657.0524447,16,21,20
2156,0.4908925319,2236,0.5091074681,43136.8492533,16,21,20
2378,0.5318720644,2093,0.4681279356,47569.2902824,16,21,20
2296,0.5165354331,2149,0.4834645669,45937.9433607,16,21,20
2228,0.4951111111,2272,0.5048888889,44577.4119371,16,24,20
2412,0.4797136038,2616,0.5202863962,48249.4231123,16,24,20
2460,0.4908220271,2552,0.5091779729,49209.610637,16,24,20
2491,0.4943441159,2548,0.5056558841,49829.7317466,16,24,20
2204,0.4840764331,2349,0.5159235669,44097.2243758,16,24,20
2522,0.4679903507,2867,0.5320096493,50479.4345343,16,26,20
2568,0.474852071,2840,0.525147929,51400.1538001,16,26,20
2602,0.4859917818,2752,0.5140082182,52060.3347668,16,26,20
2654,0.489758258,2765,0.510241742,53090.368549,16,26,20
1062,0.5477050026,877,0.4522949974,21277.3992847,16,26,20
313,0.9072463768,32,0.0927536232,6261.22281682,16,3,20
278,0.8323353293,56,0.1676646707,5594.9663014,16,3,20
224,0.6436781609,124,0.3563218391,4620.78801764,16,3,20
2956,0.4695044473,3340,0.5304955527,59108.4561185,16,25,20
2540,0.4075738126,3692,0.5924261874,50829.7811688,16,25,20
2556,0.4274962368,3423,0.5725037632,51129.9856862,16,25,20
2449,0.4218776916,3356,0.5781223084,50225.8368144,16,4,20
850,0.5050505051,833,0.4949494949,17016.6167262,16,4,20
617,0.8814285714,83,0.1185714286,12371.4097723,16,4,20
435,0.6561085973,228,0.3438914027,8720.43721666,16,4,20
438,0.6338639653,253,0.3661360347,8790.90354231,16,4,20
487,0.6671232877,243,0.3328767123,9766.70412241,16,4,20
609,0.6904761905,273,0.3095238095,12182.3792187,16,7,20
719,0.6926782274,319,0.3073217726,14430.7297875,16,7,20
428,0.4292878636,569,0.5707121364,8590.19798199,16,7,20
726,0.6517055655,388,0.3482944345,14522.8363099,16,7,20
935,0.7890295359,250,0.2109704641,18714.619861,16,7,20
1540,0.8306364617,314,0.1693635383,30812.0351809,16,10,20
1402,0.798405467,354,0.201594533,28072.8958193,16,10,20
1399,0.7611534276,439,0.2388465724,27985.4655614,16,10,20
943,0.5463499421,783,0.4536500579,18878.4347916,16,10,20
1290,0.6339066339,745,0.3660933661,25815.1250818,16,13,20
1501,0.6869565217,684,0.3130434783,30037.5990293,16,13,20
1525,0.702764977,645,0.297235023,30523.8452279,16,13,20
1451,0.6860520095,664,0.3139479905,29025.6687131,16,13,20
1343,0.6841569027,620,0.3158430973,26870.4956156,16,13,20
1778,0.6329654681,1031,0.3670345319,35566.9462246,16,16,20
1775,0.6323477022,1032,0.3676522978,35513.8717183,16,16,20
1865,0.6715880447,912,0.3284119553,37307.286113,16,16,20
1762,0.6367907481,1005,0.3632092519,35246.8837164,16,16,20
1771,0.624471086,1065,0.375528914,35468.4889713,16,19,20
1961,0.5712205068,1472,0.4287794932,39242.9924693,16,19,20
2138,0.6184553081,1319,0.3815446919,42785.0677712,16,19,20
2276,0.6514024041,1218,0.3485975959,45528.8917926,16,19,20
2200,0.6332757628,1274,0.3667242372,44008.5948786,16,22,20
2098,0.5387776066,1796,0.4612223934,41992.8047791,16,22,20
2238,0.5633022905,1735,0.4366977095,49961.005636,16,22,20
2313,0.6751313485,1113,0.3248686515,46260,32,25,20
1948,0.5944461398,1329,0.4055538602,38998.0816267,32,25,20
1952,0.5913359588,1349,0.4086640412,39070.5218917,32,25,20
2000,0.6295247088,1177,0.3704752912,40031.27243,32,25,20
2005,0.629908891,1178,0.370091109,40107.8330598,32,25,20
1977,0.6264258555,1179,0.3735741445,39547.7236704,32,25,20
1920,0.6085578447,1235,0.3914421553,38407.5009849,32,25,20
2033,0.6335306949,1176,0.3664693051,40675.8880019,32,25,20
1948,0.6205798025,1191,0.3794201975,38982.840046,32,25,20
1997,0.6357847819,1144,0.3642152181,39947.8018057,32,25,20
1885,0.6072809278,1219,0.3927190722,37707.3642482,32,25,20
1988,0.6251572327,1192,0.3748427673,39775.5363245,32,25,20
1918,0.638482024,1086,0.361517976,38374.9892708,32,25,20
1793,0.6094493542,1149,0.3905506458,35867.004826,32,25,20
1758,0.6119039332,1115,0.3880960668,35180.6123208,32,25,20
168,0.540192926,143,0.459807074,3385.78853554,32,4,20
247,0.711815562,100,0.288184438,4972.05233538,32,4,20
242,0.6836158192,112,0.3163841808,4867.56844742,32,4,20
398,0.9567307692,18,0.0432692308,8006.91250034,32,4,20
322,0.8029925187,79,0.1970074813,6472.86792877,32,4,20
284,0.7845303867,78,0.2154696133,5681.10952069,32,4,20
258,0.7962962963,66,0.2037037037,5188.37209396,32,4,20
274,0.7548209366,89,0.2451790634,5510.13160366,32,4,20
152,0.4444444444,190,0.5555555556,3040.59382797,32,4,20
162,0.4807121662,175,0.5192878338,3240.6328956,32,4,20
186,0.5670731707,142,0.4329268293,3740.46031794,32,4,20
190,0.5775075988,139,0.4224924012,3823.90398861,32,4,20
248,0.7025495751,105,0.2974504249,4990.22027496,32,4,20
280,0.7368421053,100,0.2631578947,5634.11966528,32,4,20
354,0.8719211823,52,0.1280788177,7081.3829941,32,4,20
342,0.7386609071,121,0.2613390929,6861.44062968,32,7,20
392,0.7382297552,139,0.2617702448,7876.92070272,32,7,20
321,0.6257309942,192,0.3742690058,6456.56806455,32,7,20
260,0.5263157895,234,0.4736842105,5204.0654159,32,7,20
402,0.7430683919,139,0.2569316081,8081.0338738,32,7,20
472,0.8398576512,90,0.1601423488,9490.04194015,32,7,20
481,0.8666666667,74,0.1333333333,9669.09774453,32,7,20
460,0.8424908425,86,0.1575091575,9250.58590396,32,7,20
411,0.7459165154,140,0.2540834846,8265.19740549,32,7,20
314,0.5913370998,217,0.4086629002,6281.22672358,32,7,20
360,0.6857142857,165,0.3142857143,7201.40643468,32,7,20
345,0.7040816327,145,0.2959183673,6902.69619313,32,7,20
365,0.7156862745,145,0.2843137255,7302.85249418,32,7,20
316,0.6245059289,190,0.3754940711,6323.71518267,32,7,20
356,0.6532110092,189,0.3467889908,7163.38071729,32,7,20
527,0.6879895561,239,0.3120104439,10544.1185327,32,10,20
426,0.508353222,412,0.491646778,8558.44367314,32,10,20
470,0.5446118192,393,0.4553881808,9451.68559752,32,10,20
680,0.7351351351,245,0.2648648649,13602.6565988,32,10,20
643,0.7192393736,251,0.2807606264,12870.0540863,32,10,20
657,0.7316258352,241,0.2683741648,13142.5667433,32,10,20
567,0.6790419162,268,0.3209580838,11342.2151346,32,10,20
559,0.6515151515,299,0.3484848485,11184.3686144,32,10,20
401,0.4962871287,407,0.5037128713,8023.13383608,32,10,20
486,0.5744680851,360,0.4255319149,9721.89868681,32,10,20
555,0.6583629893,288,0.3416370107,11104.3373542,32,10,20
597,0.6753393665,287,0.3246606335,11944.6655864,32,10,20
700,0.7559395248,226,0.2440604752,14068.7130012,32,10,20
797,0.8199588477,175,0.1800411523,16021.3789925,32,10,20
820,0.8704883227,122,0.1295116773,16409.6143931,32,10,20
766,0.7132216015,308,0.2867783985,15337.9730368,32,13,20
766,0.6356846473,439,0.3643153527,15377.0596553,32,13,20
818,0.6549239392,431,0.3450760608,16363.1957321,32,13,20
947,0.734678045,342,0.265321955,18943.6997046,32,13,20
916,0.7111801242,372,0.2888198758,18323.5785949,32,13,20
791,0.6504934211,425,0.3495065789,15847.8557761,32,13,20
798,0.6338363781,461,0.3661636219,15966.2364119,32,13,20
796,0.6578512397,414,0.3421487603,15926.2207818,32,13,20
855,0.6861958266,391,0.3138041734,17103.3402824,32,13,20
808,0.646917534,441,0.353082466,16217.0092744,32,13,20
955,0.7340507302,346,0.2659492698,19103.7309587,32,13,20
1023,0.7785388128,291,0.2214611872,20463.9966185,32,13,20
1036,0.7696879643,310,0.2303120357,20744.3081803,32,13,20
947,0.7762295082,273,0.2237704918,18943.6997046,32,13,20
869,0.6929824561,385,0.3070175439,17383.394977,32,13,20
916,0.6730345334,445,0.3269654666,18330.7399806,32,16,20
1345,0.7930424528,351,0.2069575472,26926.2935256,32,16,20
1314,0.7939577039,341,0.2060422961,26285.1334866,32,16,20
1204,0.7359413203,432,0.2640586797,24122.3999424,32,16,20
1054,0.6875407697,479,0.3124592303,21117.1175575,32,16,20
1020,0.6614785992,522,0.3385214008,20427.927019,32,16,20
967,0.6174968072,599,0.3825031928,19370.2641006,32,16,20
958,0.605945604,623,0.394054396,19171.2324251,32,16,20
1254,0.7536057692,410,0.2463942308,25089.8000759,32,16,20
1282,0.7817073171,358,0.2182926829,25680.1226236,32,16,20
1242,0.7719080174,367,0.2280919826,24859.420179,32,16,20
1150,0.7063882064,478,0.2936117936,23017.9816473,32,16,20
1114,0.6868064118,508,0.3131935882,22306.1383329,32,16,20
1058,0.662077597,540,0.337922403,21222.170348,32,16,20
1125,0.695302843,493,0.304697157,22535.2090106,32,16,20
1248,0.7623701894,389,0.2376298106,24964.8756402,32,19,20
1593,0.7744287798,464,0.2255712202,31872.4493787,32,19,20
1473,0.7335657371,535,0.2664342629,29465.8018164,32,19,20
2045,0.6936906377,903,0.3063093623,-386.210686802,32,19,20
1460,0.7245657568,555,0.2754342432,29211.4099767,32,19,20
1396,0.6959122632,610,0.3040877368,27930.9098134,32,19,20
1342,0.6899742931,603,0.3100257069,26850.4878005,32,19,20
1382,0.7083546899,569,0.2916453101,27645.3991465,32,19,20
1283,0.6519308943,685,0.3480691057,25665.0123769,32,19,20
1251,0.6408811475,701,0.3591188525,25029.7766308,32,19,20
1401,0.703313253,591,0.296686747,28096.8223316,32,19,20
1339,0.7021499738,568,0.2978500262,26785.2311556,32,19,20
1238,0.6471510716,675,0.3528489284,24769.6750351,32,19,20
1250,0.664893617,630,0.335106383,25009.7688157,32,19,20
1204,0.6326852338,699,0.3673147662,24127.1202659,32,19,20
1375,0.6434253627,762,0.3565746373,27505.3717991,32,22,20
1299,0.5532367973,1049,0.4467632027,25990.1517533,32,22,20
1247,0.5317697228,1098,0.4682302772,24954.6209124,32,22,20
1256,0.5358361775,1088,0.4641638225,25149.4701491,32,22,20
1356,0.5780051151,990,0.4219948849,27215.6739803,32,22,20
1370,0.5727424749,1022,0.4272575251,27410.706622,32,22,20
1553,0.6279822078,920,0.3720177922,31066.0672029,32,22,20
1546,0.6307629539,905,0.3692370461,30938.1266484,32,22,20
1607,0.6607730263,825,0.3392269737,32158.8418654,32,22,20
1481,0.6082135524,954,0.3917864476,29643.1572344,32,22,20
1555,0.6454960565,854,0.3545039435,31112.1524067,32,22,20
1688,0.6741214058,816,0.3258785942,33773.1918087,32,22,20
1496,0.6241134752,901,0.3758865248,29931.6913186,32,22,20
1420,0.5916666667,980,0.4083333333,28405.5476034,32,22,20
1425,0.5903065452,989,0.4096934548,28527.8574528,32,22,20
2528,0.7031988873,1067,0.2968011127,50540.2589748,32,28,20
1882,0.5345072423,1639,0.4654927577,37647.3525279,32,28,20
1834,0.5234018265,1670,0.4765981735,36694.3328064,32,28,20
1749,0.5069565217,1701,0.4930434783,34986.8329285,32,28,20
2050,0.5852126749,1453,0.4147873252,41008.0088641,32,28,20
2062,0.5867956744,1452,0.4132043256,41248.0557453,32,28,20
2148,0.6206298758,1313,0.3793701242,42985.1850199,32,28,20
2037,0.5868625756,1434,0.4131374244,40779.8214957,32,28,20
2026,0.5790225779,1473,0.4209774221,40527.9151018,32,28,20
1881,0.5437987858,1578,0.4562012142,37634.7001139,32,28,20
1795,0.5467560158,1488,0.4532439842,35907.0126396,32,28,20
2091,0.6378889567,1187,0.3621110433,41844.5167023,32,28,20
1874,0.572039072,1402,0.427960928,37494.6454085,32,28,20
1896,0.5778725998,1385,0.4221274002,37949.6462637,32,28,20
2065,0.6186339125,1273,0.3813660875,41332.288784,32,28,20
179,0.5868852459,126,0.4131147541,3611.74179275,32,6,20
195,0.6037151703,128,0.3962848297,3900.76181878,32,6,20
216,0.6687306502,107,0.3312693498,4342.90054888,32,6,20
216,0.675,104,0.325,4342.0480516,32,6,20
192,0.5663716814,147,0.4336283186,3858.08360949,32,6,20
276,0.7479674797,93,0.2520325203,5524.31559534,32,6,20
294,0.7924528302,77,0.2075471698,5884.59704721,32,6,20
333,0.8181818182,74,0.1818181818,6696.61979569,32,6,20
381,1,0,0,7655.88466259,32,6,20
404,0.9758454106,10,0.0241545894,8124.42762,32,6,20
276,0.7645429363,85,0.2354570637,5552.53228667,32,6,20
247,0.771875,73,0.228125,4969.11403916,32,6,20
300,0.8547008547,51,0.1452991453,6003.51746088,32,6,20
308,0.8148148148,70,0.1851851852,6166.02111962,32,6,20
311,0.7953964194,80,0.2046035806,6254.20046985,32,6,20
527,0.7017310253,224,0.2982689747,10595.8730984,32,9,20
621,0.69,279,0.31,12429.7100895,32,9,20
594,0.6819747417,277,0.3180252583,11896.2633817,32,9,20
511,0.593495935,350,0.406504065,10280.2318786,32,9,20
397,0.4754491018,438,0.5245508982,7983.6578345,32,9,20
483,0.5538990826,389,0.4461009174,9663.77467039,32,9,20
527,0.5975056689,355,0.4024943311,10542.0588641,32,9,20
695,0.7748049052,202,0.2251950948,13902.7152003,32,9,20
687,0.7896551724,183,0.2103448276,13742.6839462,32,9,20
651,0.7704142012,194,0.2295857988,13025.0875992,32,9,20
538,0.6420047733,300,0.3579952267,10825.5584997,32,9,20
554,0.6189944134,341,0.3810055866,11084.3295391,32,9,20
626,0.6841530055,289,0.3158469945,12532.2377301,32,9,20
630,0.6953642384,276,0.3046357616,12604.9234831,32,9,20
615,0.7012542759,262,0.2987457241,12312.0226902,32,9,20
839,0.7592760181,266,0.2407239819,16793.1187844,32,12,20
903,0.6908951798,404,0.3091048202,18098.8818278,32,12,20
997,0.7663335895,304,0.2336664105,19994.6694251,32,12,20
1046,0.7882441598,281,0.2117558402,20981.4652023,32,12,20
876,0.6913970008,391,0.3086029992,17581.8070846,32,12,20
824,0.6793075021,389,0.3206924979,16531.6581253,32,12,20
758,0.6418289585,423,0.3581710415,15213.4814728,32,12,20
797,0.6754237288,383,0.3245762712,15943.1136901,32,12,20
762,0.6452159187,419,0.3547840813,15251.9147958,32,12,20
717,0.6071126164,464,0.3928873836,14342.8011491,32,12,20
747,0.6214642263,455,0.3785357737,14989.7675272,32,12,20
872,0.6937151949,385,0.3062848051,17487.8151843,32,12,20
953,0.7468652038,323,0.2531347962,19119.7453804,32,12,20
893,0.7149719776,356,0.2850280224,17901.9550218,32,12,20
945,0.7535885167,309,0.2464114833,18959.2438452,32,12,20
1084,0.846875,196,0.153125,21684.2349311,32,15,20
1225,0.8282623394,254,0.1717376606,24509.5734394,32,15,20
1035,0.7177531207,407,0.2822468793,20704.0434997,32,15,20
819,0.6044280443,536,0.3955719557,16408.8418213,32,15,20
977,0.6894848271,440,0.3105151729,19547.6353064,32,15,20
1080,0.7336956522,392,0.2663043478,21608.4402568,32,15,20
1051,0.7344514326,380,0.2655485674,21024.1060079,32,15,20
924,0.7005307051,395,0.2994692949,18483.609849,32,15,20
1012,0.711673699,410,0.288326301,20259.7836788,32,15,20
988,0.6992215145,425,0.3007784855,19771.5841712,32,15,20
1120,0.7740152039,327,0.2259847961,22408.7528589,32,15,20
1201,0.827705031,250,0.172294969,24052.8826959,32,15,20
1263,0.822265625,273,0.177734375,25264.9342417,32,15,20
1109,0.7606310014,349,0.2393689986,22201.6799405,32,15,20
1022,0.7151854444,407,0.2848145556,20455.9802117,32,15,20
1070,0.7123834887,432,0.2876165113,21441.910358,32,18,20
1202,0.6553980371,632,0.3446019629,24054.0932933,32,18,20
1364,0.7523441809,449,0.2476558191,27328.0782881,32,18,20
1332,0.7172859451,525,0.2827140549,26645.2038083,32,18,20
1292,0.7052401747,540,0.2947598253,25850.0970479,32,18,20
1439,0.7699304441,430,0.2300695559,28785.6218319,32,18,20
1371,0.7410810811,479,0.2589189189,27430.7144371,32,18,20
1371,0.7541254125,447,0.2458745875,27430.7144371,32,18,20
1239,0.7,531,0.3,24799.3732704,32,18,20
1367,0.7671156004,415,0.2328843996,27350.6831768,32,18,20
1308,0.7331838565,476,0.2668161435,26170.2220887,32,18,20
1212,0.6866855524,553,0.3133144476,24249.4718437,32,18,20
2025,0.6412286257,1133,0.3587713743,-383.691758753,32,18,20
1185,0.6729131175,576,0.3270868825,23723.1656713,32,18,20
1142,0.6753400355,549,0.3246599645,22857.8565575,32,18,20
1525,0.6703296703,750,0.3296703297,30541.7536314,32,21,20
1414,0.6270509978,841,0.3729490022,28285.5241629,32,21,20
1700,0.7268063275,639,0.2731936725,34013.2855894,32,21,20
1746,0.7542116631,569,0.2457883369,34926.8212082,32,21,20
1656,0.6987341772,714,0.3012658228,33132.941727,32,21,20
1498,0.6465256798,819,0.3534743202,29965.852331,32,21,20
1541,0.671459695,754,0.328540305,30838.0680241,32,21,20
1372,0.6169064748,852,0.3830935252,27445.3600788,32,21,20
1231,0.5626142596,957,0.4373857404,24629.6203297,32,21,20
1249,0.5713632205,937,0.4286367795,24989.7610006,32,21,20
1324,0.595591543,899,0.404408457,26490.3471296,32,21,20
1327,0.591091314,918,0.408908686,26545.1842745,32,21,20
1453,0.6350524476,835,0.3649475524,29071.3552714,32,21,20
1516,0.6643295355,766,0.3356704645,30337.7749023,32,21,20
1358,0.6503831418,730,0.3496168582,27170.6128414,32,21,20
1583,0.5815576782,1139,0.4184423218,31684.7521284,32,24,20
1591,0.6173845557,986,0.3826154443,31876.0284953,32,24,20
1565,0.5964176829,1059,0.4035823171,31318.3494209,32,24,20
1432,0.5622300746,1115,0.4377699254,28662.3910599,32,24,20
1430,0.5581576893,1132,0.4418423107,28622.3597875,32,24,20
1450,0.5731225296,1080,0.4268774704,29022.6725118,32,24,20
1217,0.4925131526,1254,0.5074868474,24349.510919,32,24,20
1221,0.4880095923,1281,0.5119904077,24453.4302845,32,24,20
1404,0.5488663018,1154,0.4511336982,28107.4469219,32,24,20
1419,0.5508540373,1157,0.4491459627,28385.5436967,32,24,20
1545,0.591048202,1069,0.408951798,30906.0359488,32,24,20
1630,0.6114028507,1036,0.3885971493,32606.3680237,32,24,20
1603,0.6097375428,1026,0.3902624572,32110.1689279,32,24,20
1708,0.6554105909,898,0.3445894091,34173.3481098,32,24,20
1360,0.5851979346,964,0.4148020654,27205.3131977,32,24,20
1793,0.6433440976,994,0.3566559024,35874.0123892,32,26,20
1857,0.6518076518,992,0.3481923482,37154.5125526,32,26,20
1881,0.6618578466,961,0.3381421534,37627.3486212,32,26,20
1876,0.6726425242,913,0.3273574758,37527.3290874,32,26,20
1820,0.644019816,1006,0.355980184,36414.2233957,32,26,20
51,0.796875,13,0.203125,1020,256,3,0
56,0.8484848485,10,0.1515151515,1178.2207163,256,3,0
55,0.873015873,8,0.126984127,1156.70576507,256,3,0
53,0.828125,11,0.171875,1114.64373725,256,3,0
57,0.890625,7,0.109375,1140.22268549,256,3,0
47,0.7833333333,13,0.2166666667,940.551068871,256,3,0
50,0.8474576271,9,0.1525423729,1000.58624348,256,3,0
59,0.9516129032,3,0.0483870968,1180.4610881,256,3,0
61,1,0,0,1220.23831254,256,3,0
59,0.9833333333,1,0.0166666667,1241.59477167,256,3,0
60,1,0,0,1262.63875085,256,3,0
60,1,0,0,1262.63875085,256,3,0
60,1,0,0,1262.63875085,256,3,0
60,1,0,0,1262.63875085,256,3,0
60,1,0,0,1215.43123652,256,3,0
120,1,0,0,2460.55272626,128,3,0
120,1,0,0,2460.55272626,128,3,0
120,1,0,0,2460.55272626,128,3,0
120,1,0,0,2460.55272626,128,3,0
120,1,0,0,2460.55272626,128,3,0
120,1,0,0,2460.55272626,128,3,0
120,1,0,0,2460.55272626,128,3,0
120,1,0,0,2460.55272626,128,3,0
120,1,0,0,2460.55272626,128,3,0
120,1,0,0,2460.55272626,128,3,0
120,1,0,0,2460.55272626,128,3,0
120,1,0,0,2459.56778015,128,3,0
121,1,0,0,2481.05733231,128,3,0
117,0.9212598425,10,0.0787401575,2397.11903171,128,3,0
110,0.9565217391,5,0.0434782609,2377.37448381,128,3,0
240,1,0,0,4858.83367342,64,3,0
240,1,0,0,4858.83367342,64,3,0
240,1,0,0,4858.83367342,64,3,0
241,1,0,0,4820.94152988,64,3,0
240,1,0,0,4801.87561261,64,3,0
240,1,0,0,4801.87561261,64,3,0
240,1,0,0,4802.8139687,64,3,0
240,1,0,0,4802.8139687,64,3,0
240,1,0,0,4802.8139687,64,3,0
240,1,0,0,4802.8139687,64,3,0
241,0.9796747967,5,0.0203252033,4822.82569357,64,3,0
210,0.8571428571,35,0.1428571429,4201.64116104,64,3,0
240,1,0,0,4856.92117338,64,3,0
240,1,0,0,4856.92117338,64,3,0
237,1,0,0,4858.61880538,64,3,0
480,1,0,0,9656.57788986,32,3,0
480,1,0,0,9656.57788986,32,3,0
480,1,0,0,9656.57788986,32,3,0
480,1,0,0,9656.57788986,32,3,0
480,1,0,0,9654.68121801,32,3,0
480,1,0,0,9656.57788986,32,3,0
480,1,0,0,9656.57788986,32,3,0
465,0.9528688525,23,0.0471311475,9352.97242995,32,3,0
463,0.9605809129,19,0.0394190871,9314.57408959,32,3,0
480,1,0,0,9656.57788986,32,3,0
480,1,0,0,9656.57788986,32,3,0
480,1,0,0,9656.57788986,32,3,0
480,1,0,0,9656.57788986,32,3,0
480,1,0,0,9656.57788986,32,3,0
480,1,0,0,9656.57788986,32,3,0
960,1,0,0,19252.6405698,16,3,0
1027,0.9846596357,16,0.0153403643,20584.2210822,16,3,0
868,0.868,132,0.132,17397.3747802,16,3,0
898,0.9296066253,68,0.0703933747,17967.0179172,16,3,0
956,0.9958333333,4,0.0041666667,19127.4711902,16,3,0
933,0.9708636837,28,0.0291363163,18667.291444,16,3,0
910,0.9479166667,50,0.0520833333,18203.5551543,16,3,0
905,0.9407484407,57,0.0592515593,18103.5356205,16,3,0
921,0.9417177914,57,0.0582822086,18423.5981287,16,3,0
930,0.9637305699,35,0.0362694301,18647.343741,16,3,0
922,0.9564315353,42,0.0435684647,18490.5568806,16,3,0
929,0.948927477,50,0.051072523,18630.9407181,16,3,0
933,0.9339339339,66,0.0660660661,18711.1600538,16,3,0
885,0.8779761905,123,0.1220238095,17755.4823312,16,3,0
917,0.8733333333,133,0.1266666667,18379.4846469,16,3,0
1959,0.9746268657,51,0.0253731343,39210.6313452,8,3,0
1977,0.9840716775,32,0.0159283225,39563.1800672,8,3,0
1935,0.9782608696,43,0.0217391304,38722.6876227,8,3,0
1885,0.9817708333,35,0.0182291667,37722.1013792,8,3,0
1890,0.9833506764,32,0.0166493236,37822.1600035,8,3,0
1930,0.9877175026,24,0.0122824974,38615.0830514,8,3,0
1922,0.9994799792,1,0.0005200208,38470.0528053,8,3,0
1929,0.9989642672,2,0.0010357328,38610.1622588,8,3,0
1923,0.9907264297,18,0.0092735703,38497.5928995,8,3,0
2014,0.9843597263,32,0.0156402737,40327.255478,8,3,0
2031,0.9825834543,36,0.0174165457,40659.7042012,8,3,0
1956,0.9716840537,57,0.0283159463,39142.9338449,8,3,0
1921,0.9547713718,91,0.0452286282,38435.012716,8,3,0
1706,0.8712972421,252,0.1287027579,34140.0026275,8,3,0
1807,0.931443299,133,0.068556701,36175.3252051,8,3,0
3542,0.4988029855,3559,0.5011970145,70853.8377545,2,3,0
4099,0.5315782648,3612,0.4684217352,81996.0138215,2,3,0
4375,0.5682556176,3324,0.4317443824,87534.1908549,2,3,0
4478,0.5817851111,3219,0.4182148889,89577.4944847,2,3,0
4459,0.5795425007,3235,0.4204574994,89197.4202562,2,3,0
4289,0.5575198232,3404,0.4424801768,85796.7561065,2,3,0
4164,0.5415528677,3525,0.4584471323,83312.5418789,2,3,0
4043,0.5258844953,3645,0.4741155047,80875.7950428,2,3,0
3943,0.5125438711,3750,0.4874561289,78875.4043665,2,3,0
3618,0.470236548,4076,0.529763452,72388.2748602,2,3,0
3875,0.5038356521,3816,0.4961643479,77515.1387066,2,3,0
4070,0.529603123,3615,0.470396877,81415.9005254,2,3,0
4133,0.537591051,3555,0.462408949,82676.1466514,2,3,0
4182,0.5443894819,3500,0.4556105181,83672.6825498,2,3,0
4230,0.5497076023,3465,0.4502923977,84616.5256075,2,3,0
454,0.5865633075,320,0.4134366925,9314.68631614,2,3,0
125,1,0,0,-23.5464303711,256,6,0
100,1,0,0,2103.10139104,256,6,0
100,1,0,0,2103.10139104,256,6,0
100,1,0,0,2103.10139104,256,6,0
99,0.99,1,0.01,2080.78839601,256,6,0
99,0.99,1,0.01,2080.78839601,256,6,0
100,1,0,0,2101.80646062,256,6,0
97,0.97,3,0.03,2038.7522668,256,6,0
100,1,0,0,2102.66957031,256,6,0
97,1,0,0,2039.17078907,256,6,0
79,0.9875,1,0.0125,1660.76796223,256,6,0
71,0.8875,9,0.1125,1492.58892808,256,6,0
74,0.925,6,0.075,1556.29502937,256,6,0
73,0.9733333333,2,0.0266666667,1620.46401876,256,6,0
160,0.9937888199,1,0.0062111801,3280.08020616,128,6,0
160,1,0,0,3280.08020616,128,6,0
159,0.99375,1,0.00625,3256.32033345,128,6,0
157,0.98125,3,0.01875,3216.00348885,128,6,0
158,0.9875,2,0.0125,3235.84033135,128,6,0
160,1,0,0,3276.80033554,128,6,0
159,0.99375,1,0.00625,3256.32033345,128,6,0
159,0.99375,1,0.00625,3256.97168616,128,6,0
158,0.9875,2,0.0125,3237.13510265,128,6,0
158,0.9875,2,0.0125,3236.48758751,128,6,0
160,1,0,0,3278.76747032,128,6,0
154,0.9685534591,5,0.0314465409,3155.81369019,128,6,0
150,0.9316770186,11,0.0683229814,3073.22952784,128,6,0
145,0.90625,15,0.09375,2970.78854357,128,6,0
135,0.8282208589,28,0.1717791411,2765.90657505,128,6,0
320,0.9968847352,1,0.0031152648,6475.89489784,64,6,0
320,1,0,0,6475.89489784,64,6,0
320,1,0,0,6475.89489784,64,6,0
320,1,0,0,6475.89489784,64,6,0
320,1,0,0,6475.89489784,64,6,0
320,1,0,0,6475.89489784,64,6,0
320,1,0,0,6475.89489784,64,6,0
320,1,0,0,6475.89489784,64,6,0
320,1,0,0,6475.89489784,64,6,0
320,1,0,0,6475.89489784,64,6,0
320,1,0,0,6477.17489111,64,6,0
320,1,0,0,6477.17489111,64,6,0
320,1,0,0,6477.17489111,64,6,0
320,1,0,0,6477.17489111,64,6,0
320,1,0,0,6477.17489111,64,6,0
593,0.9265625,47,0.0734375,11918.1905654,32,6,0
599,0.9359375,41,0.0640625,12038.7793401,32,6,0
631,0.9859375,9,0.0140625,12689.3906639,32,6,0
640,1,0,0,12870.3803881,32,6,0
640,1,0,0,12870.3803881,32,6,0
618,0.9551777434,29,0.0448222566,12418.2066181,32,6,0
678,0.9658119658,24,0.0341880342,13621.1850009,32,6,0
689,0.9745403112,18,0.0254596888,13844.8937862,32,6,0
617,0.9463190184,35,0.0536809816,12400.5456642,32,6,0
612,0.9547581903,29,0.0452418097,12302.4694795,32,6,0
636,0.9891135303,7,0.0108864697,12782.4101174,32,6,0
623,0.9511450382,32,0.0488549618,12523.592297,32,6,0
620,0.96875,20,0.03125,12463.286074,32,6,0
612,0.9577464789,27,0.0422535211,12300.0550186,32,6,0
634,0.9860031104,9,0.0139968896,12747.2173518,32,6,0
1012,0.790625,268,0.209375,20271.6724611,16,6,0
1034,0.8116169545,240,0.1883830455,20724.5224917,16,6,0
1039,0.8085603113,246,0.1914396887,20824.7377842,16,6,0
1018,0.7953125,262,0.2046875,20403.8335556,16,6,0
1011,0.795436664,260,0.204563336,20263.5321461,16,6,0
1007,0.7812257564,282,0.2187742436,20187.310982,16,6,0
1021,0.787808642,275,0.212191358,20451.9541331,16,6,0
1015,0.7935887412,264,0.2064112588,20351.6708571,16,6,0
1016,0.7912772586,268,0.2087227414,20371.7217644,16,6,0
1031,0.8048399688,250,0.1951600312,20672.4853731,16,6,0
1031,0.8035853468,252,0.1964146532,20656.3075919,16,6,0
1038,0.8090413094,245,0.1909586906,20812.8417239,16,6,0
1022,0.799687011,256,0.200312989,20492.0272079,16,6,0
1005,0.7900943396,267,0.2099056604,20151.1617847,16,6,0
1017,0.7853281853,278,0.2146718147,20391.7726716,16,6,0
2337,0.9982913285,4,0.0017086715,46758.2637778,8,6,0
2560,1,0,0,51220.0065346,8,6,0
2561,1,0,0,51230.00522,8,6,0
2560,1,0,0,51220.0065346,8,6,0
2560,1,0,0,51220.0065346,8,6,0
2560,1,0,0,51220.0065346,8,6,0
2560,1,0,0,51220.0065346,8,6,0
2560,1,0,0,51220.0065346,8,6,0
2560,1,0,0,51220.0065346,8,6,0
2560,1,0,0,51220.0065346,8,6,0
2560,1,0,0,51220.0065346,8,6,0
2560,1,0,0,51220.0065346,8,6,0
2541,0.9906432749,24,0.0093567251,50839.8580486,8,6,0
2542,0.9868012422,34,0.0131987578,50859.8658636,8,6,0
2327,0.8754702784,331,0.1245297216,46549.0910375,8,6,0
4012,0.4609375,4692,0.5390625,80255.6739331,2,6,0
4643,0.450470554,5664,0.549529446,92878.1391006,2,6,0
4711,0.456713524,5604,0.543286476,94238.4047604,2,6,0
4734,0.4587653842,5585,0.5412346158,94698.494616,2,6,0
4698,0.4557625146,5610,0.5442374854,93978.3539725,2,6,0
4551,0.4412449098,5763,0.5587550902,91037.7796784,2,6,0
4682,0.4533307514,5646,0.5466692486,93658.2914643,2,6,0
4566,0.4432579361,5735,0.5567420639,91337.8382798,2,6,0
4528,0.4406812652,5747,0.5593187348,90577.6898228,2,6,0
4494,0.4364801865,5802,0.5635198135,89897.5569929,2,6,0
4351,0.4292196902,5786,0.5707803098,87054.0032937,2,6,0
4076,0.5272962484,3654,0.4727037516,81551.8541542,2,6,0
3780,0.4903995848,3928,0.5096004152,75614.7675641,2,6,0
4122,0.5343531242,3592,0.4656468758,82456.103677,2,6,0
4298,0.5575301596,3411,0.4424698404,85976.7912673,2,6,0
876,0.5930941097,601,0.4069058903,18059.6680299,2,6,0
100,1,0,0,2101.37517143,256,9,0
100,1,0,0,2101.37517143,256,9,0
110,1,0,0,-20.6917779218,256,9,0
100,1,0,0,2101.37517143,256,9,0
100,1,0,0,2101.37517143,256,9,0
100,1,0,0,2101.37517143,256,9,0
100,1,0,0,2101.37517143,256,9,0
100,1,0,0,2101.37517143,256,9,0
100,1,0,0,2101.37517143,256,9,0
100,1,0,0,2101.37517143,256,9,0
100,1,0,0,2101.80646062,256,9,0
100,1,0,0,2101.80646062,256,9,0
100,1,0,0,2101.80646062,256,9,0
100,1,0,0,2101.80646062,256,9,0
170,1,0,0,3426.76992667,128,9,0
200,1,0,0,4094.36277897,128,9,0
200,1,0,0,4095.18143548,128,9,0
200,1,0,0,4095.18143548,128,9,0
200,1,0,0,4096.00041943,128,9,0
200,1,0,0,4096.00041943,128,9,0
200,1,0,0,4096.00041943,128,9,0
200,1,0,0,4096.00041943,128,9,0
200,1,0,0,4096.00041943,128,9,0
200,1,0,0,4096.00041943,128,9,0
200,1,0,0,4096.00041943,128,9,0
200,1,0,0,4096.00041943,128,9,0
200,1,0,0,4096.00041943,128,9,0
200,1,0,0,4096.00041943,128,9,0
200,1,0,0,4096.00041943,128,9,0
320,1,0,0,6433.92673909,64,9,0
400,1,0,0,8083.6732939,64,9,0
400,1,0,0,8083.6732939,64,9,0
400,1,0,0,8083.6732939,64,9,0
401,1,0,0,8095.89415012,64,9,0
417,1,0,0,8425.56668503,64,9,0
405,1,0,0,8178.26352849,64,9,0
404,1,0,0,8166.1215511,64,9,0
404,1,0,0,8166.1215511,64,9,0
400,1,0,0,8085.26886248,64,9,0
402,1,0,0,8124.09166037,64,9,0
400,1,0,0,8083.6732939,64,9,0
400,1,0,0,8083.6732939,64,9,0
412,1,0,0,8327.82692835,64,9,0
400,1,0,0,8086.86506105,64,9,0
602,1,0,0,12042.3518713,32,9,0
799,0.99875,1,0.00125,15986.244227,32,9,0
745,0.9324155194,54,0.0675844806,14905.8222142,32,9,0
743,0.9264339152,59,0.0735660848,14865.8065841,32,9,0
793,0.9875466999,10,0.0124533001,15866.1973367,32,9,0
748,0.9315068493,55,0.0684931507,14965.8456593,32,9,0
764,0.9526184539,38,0.0473815461,15285.9707002,32,9,0
771,0.96375,29,0.03625,15426.0254055,32,9,0
760,0.95,40,0.05,15205.9394399,32,9,0
763,0.9513715711,39,0.0486284289,15265.9628851,32,9,0
770,0.961298377,31,0.038701623,15406.0175905,32,9,0
798,0.9975,2,0.0025,15966.2364119,32,9,0
799,0.99875,1,0.00125,15986.244227,32,9,0
793,0.9900124844,8,0.0099875156,15866.1973367,32,9,0
798,0.9975,2,0.0025,15966.2364119,32,9,0
1162,0.9931623932,8,0.0068376068,23258.1692818,16,9,0
1633,0.9825511432,29,0.0174488568,32679.1467121,16,9,0
1602,0.9925650558,12,0.0074349442,32046.2586343,16,9,0
1597,0.9900805952,16,0.0099194048,31946.2391005,16,9,0
1588,0.9832817337,27,0.0167182663,31809.6994745,16,9,0
1546,0.965646471,55,0.034353529,30968.3850047,16,9,0
1550,0.9681449094,51,0.0318550906,31048.5101923,16,9,0
1555,0.9712679575,46,0.0287320425,31148.6666768,16,9,0
1561,0.97319202,43,0.02680798,31268.8544582,16,9,0
1594,0.99625,6,0.00375,31929.8872558,16,9,0
1600,1,0,0,32050.0750372,16,9,0
1600,1,0,0,32056.3454384,16,9,0
1600,1,0,0,32056.3454384,16,9,0
1600,1,0,0,32056.3454384,16,9,0
1604,0.99875467,2,0.00124533,32136.486302,16,9,0
1870,0.8862559242,240,0.1137440758,37407.3056468,8,9,0
2768,0.8604289711,449,0.1395710289,55370.81392,8,9,0
2848,0.8760381421,403,0.1239618579,57004.5319404,8,9,0
2912,0.9094316052,290,0.0905683948,58285.5326581,8,9,0
2634,0.8197945845,579,0.1802054155,52690.2904137,8,9,0
2558,0.7961406785,655,0.2038593215,51169.9934997,8,9,0
2608,0.8066811011,625,0.1933188989,52170.1888379,8,9,0
2841,0.8853225304,368,0.1146774696,56842.2025643,8,9,0
3170,0.9903155264,31,0.0096844736,63412.3844387,8,9,0
3200,1,0,0,64012.5016416,8,9,0
3200,1,0,0,64012.5016416,8,9,0
3200,1,0,0,64012.5016416,8,9,0
3200,1,0,0,64012.5016416,8,9,0
3200,1,0,0,64025.0081682,8,9,0
3201,1,0,0,64032.5055483,8,9,0
3256,0.5454850059,2713,0.4545149941,65158.1761754,8,9,0
4211,0.3282151208,8619,0.6717848792,84236.451379,2,9,0
4303,0.3348377558,8548,0.6651622442,86076.8108011,2,9,0
4248,0.3312538989,8576,0.6687461011,84993.1983433,2,9,0
4315,0.3357454093,8537,0.6642545907,86333.7219518,2,9,0
4344,0.3378967019,8512,0.6621032981,86896.9709784,2,9,0
4282,0.3334631259,8559,0.6665368741,85673.4640551,2,9,0
4050,0.3153959972,8791,0.6846040028,81015.8223901,2,9,0
3966,0.3091433471,8863,0.6908566529,79335.494222,2,9,0
4082,0.3181853613,8747,0.6818146387,81671.9010445,2,9,0
4006,0.3120666822,8831,0.6879333178,80135.6504925,2,9,0
3873,0.3022003745,8943,0.6977996255,77535.7136244,2,9,0
3830,0.297869031,9028,0.702130969,76614.9629023,2,9,0
3980,0.3097276265,8870,0.6902723735,79631.1039092,2,9,0
4003,0.3115902545,8844,0.6884097455,80091.2836554,2,9,0
2819,0.3179203789,6048,0.6820796211,57721.5823331,2,9,0
139,0.9928571429,1,0.0071428571,2918.51597872,256,12,0
139,0.9928571429,1,0.0071428571,2919.11448767,256,12,0
140,0.9929078014,1,0.0070921986,2800.54694682,256,12,0
140,1,0,0,2800.54694682,256,12,0
187,0.9946808511,1,0.0053191489,-35.2591228955,256,12,0
139,0.9928571429,1,0.0071428571,2918.51597872,256,12,0
140,1,0,0,2939.51249655,256,12,0
140,1,0,0,2939.51249655,256,12,0
140,1,0,0,2939.51249655,256,12,0
140,1,0,0,2940.11531132,256,12,0
140,1,0,0,2940.11531132,256,12,0
140,1,0,0,2940.11531132,256,12,0
133,0.95,7,0.05,2793.10954576,256,12,0
136,0.9714285714,4,0.0285714286,2856.11201671,256,12,0
203,1,0,0,4066.35327035,128,12,0
280,1,0,0,5725.24078727,128,12,0
280,1,0,0,5725.24078727,128,12,0
280,1,0,0,5725.24078727,128,12,0
281,1,0,0,5745.6880758,128,12,0
281,0.9964539007,1,0.0035460993,5746.83553365,128,12,0
281,0.9964539007,1,0.0035460993,5745.6880758,128,12,0
279,0.9964285714,1,0.0035714286,5705.93278963,128,12,0
280,1,0,0,5726.38416164,128,12,0
280,1,0,0,5726.38416164,128,12,0
280,1,0,0,5727.52799278,128,12,0
280,1,0,0,5727.52799278,128,12,0
279,0.9964285714,1,0.0035714286,5707.07253566,128,12,0
280,1,0,0,5727.52799278,128,12,0
280,1,0,0,5727.52799278,128,12,0
378,1,0,0,7570.3494247,64,12,0
560,1,0,0,11312.6776633,64,12,0
560,1,0,0,11312.6776633,64,12,0
560,1,0,0,11312.6776633,64,12,0
560,1,0,0,11312.6776633,64,12,0
560,1,0,0,11312.6776633,64,12,0
560,1,0,0,11314.9096969,64,12,0
560,1,0,0,11314.9096969,64,12,0
560,1,0,0,11314.9096969,64,12,0
560,1,0,0,11314.9096969,64,12,0
560,1,0,0,11314.9096969,64,12,0
560,1,0,0,11314.9096969,64,12,0
560,1,0,0,11314.9096969,64,12,0
525,0.939177102,34,0.060822898,10607.7278409,64,12,0
508,0.9055258467,53,0.0944741533,10264.2395108,64,12,0
674,0.9296551724,51,0.0703448276,13514.3114854,32,12,0
1048,0.9225352113,88,0.0774647887,21046.317261,32,12,0
1026,0.9152542373,95,0.0847457627,20528.0182439,32,12,0
1118,0.9982142857,2,0.0017857143,22368.7372288,32,12,0
1120,0.9991079393,1,0.0008920607,22404.3755745,32,12,0
1120,1,0,0,22404.3755745,32,12,0
1119,0.9991071429,1,0.0008928571,22384.3716678,32,12,0
1120,1,0,0,22404.3755745,32,12,0
1119,0.9991071429,1,0.0008928571,22384.3716678,32,12,0
1120,0.9991079393,1,0.0008920607,22404.3755745,32,12,0
1120,0.9946714032,6,0.0053285968,22404.3755745,32,12,0
1120,0.9955555556,5,0.0044444444,22404.3755745,32,12,0
1122,0.9955634428,5,0.0044365572,22444.3833881,32,12,0
1068,0.9834254144,18,0.0165745856,21364.1724229,32,12,0
960,1,0,0,19203.7504925,32,12,0
1187,0.7966442953,303,0.2033557047,23749.2764674,32,12,0
2240,1,0,0,44817.5057177,16,12,0
2241,1,0,0,44828.7550559,16,12,0
2240,1,0,0,44835.0251216,16,12,0
2203,0.9795464651,46,0.0204535349,44094.4465817,16,12,0
2203,0.9765070922,53,0.0234929078,44094.4465817,16,12,0
2181,0.9697643397,68,0.0302356603,43654.1025849,16,12,0
2187,0.963011889,84,0.036988111,43774.1964022,16,12,0
2198,0.98125,42,0.01875,43994.3684006,16,12,0
2218,0.968558952,72,0.031441048,44394.6811249,16,12,0
2116,0.9421193232,130,0.0578806768,42369.6487544,16,12,0
2182,0.97280428,61,0.02719572,43648.5245568,16,12,0
2212,0.9875,28,0.0125,44248.6417597,16,12,0
2239,0.9995535714,1,0.0004464286,44788.7472423,16,12,0
2240,1,0,0,44808.7511491,16,12,0
2268,0.9549473684,107,0.0450526316,45368.8605385,16,12,0
3940,0.8778966132,548,0.1221033868,78815.3926462,8,12,0
4058,0.9041889483,430,0.0958110517,81175.8536442,8,12,0
4320,0.9614956599,173,0.0385043401,86416.8772161,8,12,0
4151,0.9218298912,352,0.0781701088,83036.2169732,8,12,0
3964,0.8744760644,569,0.1255239356,79295.4864085,8,12,0
3892,0.8673946958,595,0.1326053042,77855.2051216,8,12,0
4272,0.953145917,210,0.046854083,85473.3859045,8,12,0
4261,0.9511160714,219,0.0488839286,85253.299939,8,12,0
4300,0.9585376728,186,0.0414623272,86033.604726,8,12,0
4294,0.9578407317,189,0.0421592683,85913.5578357,8,12,0
4281,0.9538770053,207,0.0461229947,85653.45624,8,12,0
4271,0.9529228023,211,0.0470771977,85436.6857847,8,12,0
4252,0.9486836234,230,0.0513163766,85056.6115562,8,12,0
4249,0.9467468806,239,0.0532531194,84996.5998359,8,12,0
3856,0.7996681875,966,0.2003318125,77135.0644781,8,12,0
4302,0.2397859651,13639,0.7602140349,86056.8068944,2,12,0
4365,0.2430942303,13591,0.7569057697,87317.0530205,2,12,0
4261,0.2372362341,13700,0.7627637659,85236.6467171,2,12,0
4365,0.2432161364,13582,0.7567838636,87334.1127044,2,12,0
4351,0.2426117988,13583,0.7573882012,87036.9983258,2,12,0
4401,0.2449081803,13569,0.7550918197,88037.1936639,2,12,0
4334,0.241179744,13636,0.758820256,86696.9319108,2,12,0
4356,0.2557388599,12677,0.7442611401,87137.0178596,2,12,0
4546,0.3697437983,7749,0.6302562017,90937.7601446,2,12,0
4716,0.4583090379,5574,0.5416909621,94356.8557879,2,12,0
4781,0.4643550894,5515,0.5356449106,95638.6782339,2,12,0
4830,0.4696159456,5455,0.5303840544,96618.8696652,2,12,0
4788,0.4661214953,5484,0.5338785047,95778.7055812,2,12,0
4782,0.4659910349,5480,0.5340089651,95658.6821406,2,12,0
4507,0.4627785194,5232,0.5372214806,94942.7652275,2,12,0
100,0.9009009009,11,0.0990990991,2096.21347335,256,15,0
100,1,0,0,2096.21347335,256,15,0
100,1,0,0,2096.64264613,256,15,0
100,1,0,0,2095.78447623,256,15,0
100,1,0,0,2095.78447623,256,15,0
100,1,0,0,2095.78447623,256,15,0
125,1,0,0,-23.5471233901,256,15,0
100,1,0,0,2096.21347335,256,15,0
102,1,0,0,2136.38850853,256,15,0
101,1,0,0,2117.60907259,256,15,0
100,1,0,0,2096.64264613,256,15,0
100,1,0,0,2096.64264613,256,15,0
100,1,0,0,2095.78447623,256,15,0
100,1,0,0,2096.64264613,256,15,0
112,1,0,0,2282.80347834,256,15,0
210,0.9952606635,1,0.0047393365,4279.4047837,128,15,0
208,1,0,0,4242.02506935,128,15,0
211,1,0,0,4300.6386958,128,15,0
200,1,0,0,4078.87025899,128,15,0
200,1,0,0,4078.87025899,128,15,0
200,1,0,0,4078.87025899,128,15,0
200,1,0,0,4079.68273123,128,15,0
200,1,0,0,4079.68273123,128,15,0
200,1,0,0,4080.49552722,128,15,0
200,1,0,0,4079.68273123,128,15,0
200,1,0,0,4080.49552722,128,15,0
200,1,0,0,4080.49552722,128,15,0
200,1,0,0,4080.49552722,128,15,0
200,1,0,0,4080.49552722,128,15,0
200,1,0,0,4022.78384084,128,15,0
400,1,0,0,8072.52192245,64,15,0
400,1,0,0,8072.52192245,64,15,0
400,1,0,0,8072.52192245,64,15,0
400,1,0,0,8072.52192245,64,15,0
400,1,0,0,8072.52192245,64,15,0
400,1,0,0,8072.52192245,64,15,0
400,1,0,0,8072.52192245,64,15,0
400,1,0,0,8072.52192245,64,15,0
400,1,0,0,8072.52192245,64,15,0
400,1,0,0,8072.52192245,64,15,0
400,1,0,0,8072.52192245,64,15,0
400,1,0,0,8072.52192245,64,15,0
400,1,0,0,8072.52192245,64,15,0
400,1,0,0,8072.52192245,64,15,0
365,1,0,0,8081.29919837,64,15,0
800,1,0,0,16043.8671415,32,15,0
800,1,0,0,16043.8671415,32,15,0
800,1,0,0,16043.8671415,32,15,0
806,1,0,0,16157.8675785,32,15,0
809,1,0,0,16227.5385743,32,15,0
804,1,0,0,16127.2447635,32,15,0
801,0.9987531172,1,0.0012468828,16054.4898606,32,15,0
802,0.99875467,1,0.00124533,16083.9768094,32,15,0
799,0.9975031211,2,0.0024968789,16023.8123076,32,15,0
800,1,0,0,16047.009715,32,15,0
800,1,0,0,16047.009715,32,15,0
803,1,0,0,16107.1860014,32,15,0
799,0.99875,1,0.00125,16026.9509528,32,15,0
787,0.9752168525,20,0.0247831475,15786.2458071,32,15,0
743,0.9241293532,61,0.0758706468,14906.6040068,32,15,0
1451,0.9965659341,5,0.0034340659,29037.0127858,16,15,0
1604,0.9975124378,4,0.0024875622,32098.8066908,16,15,0
1598,0.9925465839,12,0.0074534161,31985.0378877,16,15,0
1633,0.9981662592,3,0.0018337408,32685.5862769,16,15,0
1602,0.9993761697,1,0.0006238303,32065.1005607,16,15,0
1629,0.9938987187,10,0.0061012813,32605.5236039,16,15,0
1577,0.9801118707,32,0.0198881293,31564.7088541,16,15,0
1570,0.98125,30,0.01875,31424.5991762,16,15,0
1556,0.9725,44,0.0275,31150.468273,16,15,0
1531,0.956875,69,0.043125,30649.9787442,16,15,0
1506,0.9336639802,107,0.0663360198,30149.4892154,16,15,0
1474,0.92125,126,0.07875,29508.8626185,16,15,0
1594,0.9956277327,7,0.0043722673,31911.2123568,16,15,0
1600,1,0,0,32037.5929115,16,15,0
1600,1,0,0,32037.5929115,16,15,0
2301,0.8422401171,431,0.1577598829,46037.9824359,8,15,0
2686,0.8380655226,519,0.1619344774,53730.4935654,8,15,0
2823,0.877525645,394,0.122474355,56482.0618934,8,15,0
2880,0.8796579108,394,0.1203420892,57622.5073514,8,15,0
2814,0.8780031201,391,0.1219968799,56290.9936311,8,15,0
2939,0.9178638351,263,0.0821361649,58791.4819764,8,15,0
2893,0.9032157352,310,0.0967842648,57871.3022653,8,15,0
3003,0.9375585389,200,0.0624414611,60071.7320093,8,15,0
2903,0.906620862,299,0.093379138,58071.341333,8,15,0
3023,0.943802685,180,0.056197315,60471.8101445,8,15,0
2991,0.9346875,209,0.0653125,59843.3748222,8,15,0
3070,0.959075289,131,0.040924711,61423.9922114,8,15,0
3042,0.9503280225,159,0.0496719775,60851.884373,8,15,0
3026,0.9459206002,173,0.0540793998,60555.4794554,8,15,0
2981,0.9306899781,222,0.0693100219,59631.6460605,8,15,0
3528,0.3665073759,6098,0.6334926241,70573.7830598,2,15,0
4114,0.3207297108,8713,0.6792702892,82296.0724229,2,15,0
4111,0.3208460158,8702,0.6791539842,82236.0607027,2,15,0
3881,0.3394856543,7551,0.6605143457,77635.1621472,2,15,0
4146,0.4033858727,6132,0.5966141273,82936.1974394,2,15,0
4454,0.4338593415,5812,0.5661406585,89097.4007224,2,15,0
4486,0.4371893578,5775,0.5628106422,89737.5257388,2,15,0
4531,0.4409303231,5745,0.5590696769,90637.7015431,2,15,0
4510,0.4388013232,5768,0.5611986768,90235.245887,2,15,0
4463,0.4341439689,5817,0.5658560311,89277.4358832,2,15,0
4370,0.4249732568,5913,0.5750267432,87417.0725543,2,15,0
4384,0.4267912773,5888,0.5732087227,87731.4018283,2,15,0
4476,0.4365551546,5777,0.5634448454,89537.4866711,2,15,0
4492,0.4373904576,5778,0.5626095424,89857.5491794,2,15,0
4532,0.4405132193,5756,0.5594867807,90657.7054499,2,15,0
1485,0.4508196721,1809,0.5491803279,30863.4309806,2,15,0
120,1,0,0,2510.83057229,256,18,0
120,1,0,0,2510.83057229,256,18,0
120,1,0,0,2510.83057229,256,18,0
120,1,0,0,2510.83057229,256,18,0
120,1,0,0,2510.83057229,256,18,0
120,1,0,0,2510.83057229,256,18,0
120,1,0,0,2510.83057229,256,18,0
162,1,0,0,-30.5463487698,256,18,0
120,1,0,0,2510.83057229,256,18,0
114,0.95,6,0.05,2383.82786086,256,18,0
120,1,0,0,2510.83057229,256,18,0
120,1,0,0,2510.83057229,256,18,0
120,1,0,0,2511.34368712,256,18,0
120,1,0,0,2511.34368712,256,18,0
210,1,0,0,4254.850986,128,18,0
240,1,0,0,4891.7217393,128,18,0
240,1,0,0,4891.7217393,128,18,0
240,1,0,0,4891.7217393,128,18,0
240,1,0,0,4891.7217393,128,18,0
240,1,0,0,4891.7217393,128,18,0
240,1,0,0,4891.7217393,128,18,0
240,1,0,0,4891.7217393,128,18,0
240,1,0,0,4891.7217393,128,18,0
240,1,0,0,4892.69554193,128,18,0
240,1,0,0,4892.69554193,128,18,0
240,1,0,0,4892.69554193,128,18,0
240,1,0,0,4893.66973235,128,18,0
240,1,0,0,4893.66973235,128,18,0
240,1,0,0,4893.66973235,128,18,0
394,1,0,0,7883.07913071,64,18,0
480,1,0,0,9615.02251117,64,18,0
480,1,0,0,9615.02251117,64,18,0
480,1,0,0,9615.02251117,64,18,0
480,1,0,0,9615.02251117,64,18,0
456,0.95,24,0.05,9134.27138561,64,18,0
473,0.9833679834,8,0.0166320166,9463.69651986,64,18,0
481,1,0,0,9623.75904028,64,18,0
480,1,0,0,9652.78529109,64,18,0
480,1,0,0,9652.78529109,64,18,0
480,1,0,0,9654.68121801,64,18,0
480,1,0,0,9654.68121801,64,18,0
480,1,0,0,9654.68121801,64,18,0
480,1,0,0,9654.68121801,64,18,0
480,1,0,0,9654.68121801,64,18,0
736,1,0,0,14754.5788309,32,18,0
960,1,0,0,19248.8709585,32,18,0
960,1,0,0,19248.8709585,32,18,0
960,1,0,0,19248.8709585,32,18,0
960,1,0,0,19248.8709585,32,18,0
960,1,0,0,19252.6405698,32,18,0
957,0.996875,3,0.003125,19192.4760681,32,18,0
952,0.9916666667,8,0.0083333333,19092.2018984,32,18,0
956,0.9958333333,4,0.0041666667,19172.4212341,32,18,0
947,0.9864583333,13,0.0135416667,18991.9277288,32,18,0
904,0.9406867846,57,0.0593132154,18083.5317137,32,18,0
956,0.9947970864,5,0.0052029136,19123.7348654,32,18,0
955,0.9937565036,6,0.0062434964,19114.9325853,32,18,0
950,0.9895833333,10,0.0104166667,19018.5716352,32,18,0
945,0.984375,15,0.015625,18918.4738898,32,18,0
1365,0.9898477157,14,0.0101522843,27316.004447,16,18,0
1757,0.9155810318,162,0.0844189682,35160.6005959,16,18,0
1880,0.9796769151,39,0.0203230849,37622.0427549,16,18,0
1910,0.9942738157,11,0.0057261843,38222.3945009,16,18,0
1920,1,0,0,38422.5117496,16,18,0
1920,1,0,0,38430.0215328,16,18,0
1920,1,0,0,38430.0215328,16,18,0
1920,1,0,0,38430.0215328,16,18,0
1920,1,0,0,38430.0215328,16,18,0
1920,1,0,0,38430.0215328,16,18,0
1920,1,0,0,38430.0215328,16,18,0
1920,1,0,0,38437.5342522,16,18,0
1920,1,0,0,38437.5342522,16,18,0
1920,1,0,0,38437.5342522,16,18,0
1920,1,0,0,38437.5342522,16,18,0
2273,0.9012688343,249,0.0987311657,45477.7636145,8,18,0
2891,0.8964341085,334,0.1035658915,57842.5933169,8,18,0
3093,0.662596401,1575,0.337403599,61920.4653344,8,18,0
2548,0.6730058109,1238,0.3269941891,51019.784984,8,18,0
2669,0.7894114167,712,0.2105885833,53421.7330579,8,18,0
2711,0.8463940056,492,0.1536059944,54241.1866075,8,18,0
2874,0.898125,326,0.101875,57491.2280368,8,18,0
2609,0.8165884194,586,0.1834115806,52190.1927446,8,18,0
2613,0.8152886115,592,0.1847113885,52270.2083717,8,18,0
2636,0.8232354778,566,0.1767645222,52730.2982272,8,18,0
2745,0.8580806502,454,0.1419193498,54921.4523193,8,18,0
2927,0.9146875,273,0.0853125,58562.8746588,8,18,0
2651,0.8323390895,534,0.1676609105,53030.3568287,8,18,0
3017,0.9369565217,203,0.0630434783,60375.3739316,8,18,0
3039,0.9490943161,163,0.0509056839,60791.8726527,8,18,0
3203,0.5377770316,2753,0.4622229684,64072.5133619,8,18,0
